/*
SQLyog Trial v10.51 
MySQL - 5.5.36 : Database - zlogistics
*********************************************************************
*/

/*!40101 SET NAMES utf8 */;

/*!40101 SET SQL_MODE=''*/;

/*!40014 SET @OLD_UNIQUE_CHECKS=@@UNIQUE_CHECKS, UNIQUE_CHECKS=0 */;
/*!40014 SET @OLD_FOREIGN_KEY_CHECKS=@@FOREIGN_KEY_CHECKS, FOREIGN_KEY_CHECKS=0 */;
/*!40101 SET @OLD_SQL_MODE=@@SQL_MODE, SQL_MODE='NO_AUTO_VALUE_ON_ZERO' */;
/*!40111 SET @OLD_SQL_NOTES=@@SQL_NOTES, SQL_NOTES=0 */;
CREATE DATABASE /*!32312 IF NOT EXISTS*/`zlogistics` /*!40100 DEFAULT CHARACTER SET utf8 */;

USE `zlogistics`;

/*Table structure for table `city` */

DROP TABLE IF EXISTS `city`;

CREATE TABLE `city` (
  `city_id` smallint(6) NOT NULL AUTO_INCREMENT COMMENT '主键',
  `city_name` varchar(255) NOT NULL COMMENT '城市名称',
  `city_code` varchar(255) NOT NULL COMMENT '城市编码',
  `create_id` smallint(6) NOT NULL COMMENT '创建人id',
  `create_time` datetime NOT NULL COMMENT '创建时间',
  `last_update_id` smallint(6) NOT NULL COMMENT '最后更新人id',
  `last_update_time` timestamp NOT NULL DEFAULT '0000-00-00 00:00:00' ON UPDATE CURRENT_TIMESTAMP COMMENT '最后更新时间',
  `is_deleted` tinyint(4) NOT NULL DEFAULT '0' COMMENT '是否启用   0:启用  1:删除',
  `data_version` int(11) NOT NULL COMMENT '版本号',
  PRIMARY KEY (`city_id`)
) ENGINE=InnoDB AUTO_INCREMENT=6 DEFAULT CHARSET=utf8 CHECKSUM=1 DELAY_KEY_WRITE=1 ROW_FORMAT=DYNAMIC COMMENT='城市表';

/*Data for the table `city` */

insert  into `city`(`city_id`,`city_name`,`city_code`,`create_id`,`create_time`,`last_update_id`,`last_update_time`,`is_deleted`,`data_version`) values (1,'上海','SHANGHAI',1,'2015-03-17 14:45:30',1,'2015-03-17 14:45:35',0,0),(2,'南京','NANJING',1,'2015-03-17 14:47:24',1,'2015-03-17 14:48:58',0,0),(3,'苏州','SUZHOU',1,'2015-03-17 14:47:56',1,'2015-03-17 14:48:55',0,0),(4,'深圳','SHENGZHEN',1,'2015-03-17 14:48:22',1,'2015-03-17 14:48:52',0,0),(5,'武汉','WUHAN',1,'2015-03-17 14:48:44',1,'2015-03-17 14:48:49',0,0);

/*Table structure for table `distribution_member` */

DROP TABLE IF EXISTS `distribution_member`;

CREATE TABLE `distribution_member` (
  `distribution_member_id` smallint(6) NOT NULL AUTO_INCREMENT,
  `work_number` int(11) NOT NULL,
  `city_id` smallint(6) NOT NULL,
  `distribution_station_id` smallint(6) NOT NULL,
  `distribution_member_name` varchar(255) NOT NULL,
  `mobile` varchar(11) NOT NULL,
  `status` tinyint(4) NOT NULL COMMENT '1:全职2：兼职3：离岗',
  `clock_status` tinyint(3) NOT NULL DEFAULT '2' COMMENT '上下班状态 1:上班 2:下班',
  `password` varchar(255) DEFAULT NULL COMMENT '密码',
  `order_count` smallint(6) NOT NULL DEFAULT '0' COMMENT '当前备单量',
  `job_type` smallint(3) DEFAULT NULL COMMENT '职位类别：1-物流人员 2-物流助理 3-物流管理人员 4-高级管理人',
  `distribution_member_level` smallint(3) DEFAULT NULL COMMENT '配送员级别：0：试用期骑手；1-正式骑手；2-中坚骑手；3-精锐骑手；4-高手骑手；5-王牌骑手',
  `lon_point` double DEFAULT NULL COMMENT '经度',
  `lat_point` double DEFAULT NULL COMMENT '纬度',
  `create_id` smallint(6) NOT NULL,
  `create_time` datetime NOT NULL,
  `last_update_id` smallint(6) NOT NULL,
  `last_update_time` timestamp NOT NULL DEFAULT '0000-00-00 00:00:00' ON UPDATE CURRENT_TIMESTAMP,
  `is_deleted` tinyint(4) NOT NULL DEFAULT '0',
  `data_version` int(11) NOT NULL DEFAULT '0' COMMENT '版本号',
  PRIMARY KEY (`distribution_member_id`)
) ENGINE=InnoDB AUTO_INCREMENT=18 DEFAULT CHARSET=utf8 CHECKSUM=1 DELAY_KEY_WRITE=1 ROW_FORMAT=DYNAMIC COMMENT='小哥信息表';

/*Data for the table `distribution_member` */

insert  into `distribution_member`(`distribution_member_id`,`work_number`,`city_id`,`distribution_station_id`,`distribution_member_name`,`mobile`,`status`,`clock_status`,`password`,`order_count`,`job_type`,`distribution_member_level`,`lon_point`,`lat_point`,`create_id`,`create_time`,`last_update_id`,`last_update_time`,`is_deleted`,`data_version`) values (1,1,1,3,'张三','18609876543',2,1,'123456',0,NULL,NULL,32.038959,118.754478,1,'2015-03-17 17:50:33',1,'2015-06-24 15:39:47',0,0),(2,2,1,5,'李四','18600823555',1,1,'111111',0,NULL,NULL,32.047151,118.768868,0,'2015-03-18 10:41:42',0,'2015-06-24 15:40:10',1,0),(3,3,1,5,'赵武','18111111111',1,1,'123456',0,NULL,NULL,31.997091,118.731848,0,'2015-03-18 11:43:17',0,'2015-06-24 15:40:35',0,0),(4,4,1,1,'陈悦','15021125112',1,1,'111111',0,NULL,NULL,32.060629,118.780467,0,'2015-04-29 09:23:55',0,'2015-06-23 15:40:59',0,0),(5,5,2,2,'陈小月','15021125112',1,1,'',0,NULL,NULL,32.055665,118.799485,0,'2015-04-29 09:26:49',0,'2015-06-23 15:41:14',0,0),(6,6,1,3,'哈哈哈','15021125112',1,2,'222222',0,NULL,NULL,NULL,NULL,0,'2015-04-29 09:33:46',0,'2015-06-15 14:28:29',0,0),(7,7,2,2,'我去额我去','11111111111',1,2,'22ewewq',0,NULL,NULL,NULL,NULL,0,'2015-05-14 11:11:22',0,'2015-06-15 14:28:29',1,0),(8,8,2,2,'大小米','15021125112',1,2,'111111',0,NULL,NULL,NULL,NULL,0,'2015-05-14 15:36:38',0,'2015-06-15 14:28:29',0,0),(9,9,2,2,'大小米','15021125112',1,2,'111111',0,NULL,NULL,NULL,NULL,0,'2015-05-14 15:49:22',0,'2015-06-15 14:28:29',0,0),(10,100,1,3,'肖俊','18075643866',3,2,'*8FDE30312222738F1CD8AC8AF0EE515A9DB8180E',0,NULL,NULL,NULL,NULL,0,'2015-06-03 14:14:59',0,'2015-06-15 14:28:29',0,0),(11,11,2,2,'肖俊俊','18075643866',1,2,'*6BB4837EB74329105EE4568DDA7DC67ED2CA2AD9',0,NULL,NULL,NULL,NULL,0,'2015-06-05 15:51:38',0,'2015-06-15 14:28:29',0,0),(12,12,1,3,'小想','18075643866',1,2,'*F2F2AF7F2240F24F30D05AEF18D66FC4218126CF',0,NULL,NULL,NULL,NULL,0,'2015-06-05 17:19:22',0,'2015-06-15 14:28:29',0,0),(13,13,2,1,'小伞','18075643866',1,2,'*F2F2AF7F2240F24F30D05AEF18D66FC4218126CF',0,NULL,NULL,NULL,NULL,0,'2015-06-05 17:19:39',0,'2015-06-15 14:28:29',0,0),(14,14,2,1,'小张','18075643866',1,2,'*F2F2AF7F2240F24F30D05AEF18D66FC4218126CF',0,NULL,NULL,NULL,NULL,0,'2015-06-05 17:20:01',0,'2015-06-17 13:23:11',0,0),(16,16,1,5,'俊俊','18075643866',1,2,'*F2F2AF7F2240F24F30D05AEF18D66FC4218126CF',0,NULL,NULL,NULL,NULL,0,'2015-06-10 11:22:37',0,'2015-06-15 14:28:29',0,0),(17,17,1,3,'test','16548955498',1,2,'*6BB4837EB74329105EE4568DDA7DC67ED2CA2AD9',0,NULL,NULL,NULL,NULL,0,'2015-06-29 11:40:41',0,'2015-06-30 13:12:25',1,0);

/*Table structure for table `distribution_station` */

DROP TABLE IF EXISTS `distribution_station`;

CREATE TABLE `distribution_station` (
  `distribution_station_id` smallint(6) NOT NULL AUTO_INCREMENT COMMENT 'id',
  `distribution_station_name` varchar(255) NOT NULL COMMENT '站点名称',
  `distribution_station_code` varchar(255) DEFAULT NULL COMMENT '站点编码',
  `distribution_area_id` smallint(6) DEFAULT NULL COMMENT '区域id',
  `lat_point` double NOT NULL COMMENT '纬度',
  `lng_point` double NOT NULL COMMENT '经度',
  `distribution_station_address` varchar(255) NOT NULL COMMENT '站点地址',
  `distribution_station_mobile` varchar(255) NOT NULL COMMENT '站点座机',
  `station_manager_name` varchar(50) DEFAULT NULL COMMENT '站长名称',
  `station_manager_mobile` varchar(50) DEFAULT NULL COMMENT '站长手机',
  `status` tinyint(4) NOT NULL COMMENT '1:启用2：停用',
  `description` varchar(255) DEFAULT NULL COMMENT '描述',
  `city_id` smallint(6) NOT NULL COMMENT '城市id',
  `create_id` smallint(6) NOT NULL,
  `create_time` datetime NOT NULL,
  `last_update_id` smallint(6) NOT NULL,
  `last_update_time` timestamp NOT NULL DEFAULT '0000-00-00 00:00:00' ON UPDATE CURRENT_TIMESTAMP,
  `is_deleted` tinyint(4) NOT NULL DEFAULT '0',
  `data_version` int(11) NOT NULL DEFAULT '0' COMMENT '版本号',
  PRIMARY KEY (`distribution_station_id`)
) ENGINE=InnoDB AUTO_INCREMENT=6 DEFAULT CHARSET=utf8 CHECKSUM=1 DELAY_KEY_WRITE=1 ROW_FORMAT=DYNAMIC COMMENT='物流站点表';

/*Data for the table `distribution_station` */

insert  into `distribution_station`(`distribution_station_id`,`distribution_station_name`,`distribution_station_code`,`distribution_area_id`,`lat_point`,`lng_point`,`distribution_station_address`,`distribution_station_mobile`,`station_manager_name`,`station_manager_mobile`,`status`,`description`,`city_id`,`create_id`,`create_time`,`last_update_id`,`last_update_time`,`is_deleted`,`data_version`) values (1,'江宁',NULL,NULL,32.048265,118.791436,'新街口地铁站','025-1111111','肖俊','18075643866',1,NULL,2,0,'2015-03-17 15:09:14',0,'2015-06-13 18:55:43',0,0),(2,'汉中门',NULL,NULL,32.047493,118.790969,'新街口地铁站','025-22222222','肖俊','18075643866',1,NULL,2,0,'2015-03-17 15:09:47',0,'2015-07-01 13:49:08',0,0),(3,'上海一号',NULL,NULL,32.499847,119.924541,'南京西路100','025-111111',NULL,NULL,1,NULL,1,0,'2015-03-19 14:08:00',0,'2015-06-23 13:52:49',0,0),(4,'苏州一号',NULL,NULL,22,119.924541,'撒大苏打撒打算','2123213213',NULL,NULL,1,NULL,3,0,'2015-03-19 14:26:28',0,'2015-06-23 13:52:42',0,0),(5,'江浦路地铁站',NULL,NULL,31.28069,119.924541,'江浦路地铁站','18075643866','肖俊','18075643866',1,NULL,1,0,'2015-06-06 17:39:46',0,'2015-07-01 13:49:04',0,0);

/*Table structure for table `logistics_order` */

DROP TABLE IF EXISTS `logistics_order`;

CREATE TABLE `logistics_order` (
  `logistics_order_id` int(11) NOT NULL AUTO_INCREMENT COMMENT '运单id',
  `logistics_order_code` varchar(255) NOT NULL COMMENT '运单编号',
  `old_order_code` varchar(255) NOT NULL COMMENT '原订单编号',
  `send_status` tinyint(4) NOT NULL COMMENT '派单状态 0：未派单1：已派单',
  `send_method` tinyint(4) NOT NULL COMMENT '派单方式 1:自动派单  2:手动派单',
  `logistics_order_status` tinyint(4) NOT NULL COMMENT '运单状态 0:初始状态 1：揽货 2：配送 3：送达 4:取消 ',
  `need_pay` float DEFAULT NULL COMMENT '还需支付金额(应收)',
  `need_pay_receive` float DEFAULT NULL COMMENT '实际支付的金额（收货人）(实收)',
  `order_estimated_picking_time` datetime DEFAULT NULL COMMENT '预计取货时间',
  `order_estimated_arrived_time` datetime DEFAULT NULL COMMENT '订单预计到达时间',
  `order_payment_method` tinyint(4) DEFAULT NULL COMMENT '支付方式（原来订单付款方式，小哥app使用字段）',
  `order_payment_status` tinyint(4) DEFAULT NULL COMMENT '支付状态',
  `order_payment_method_actual` tinyint(4) DEFAULT NULL COMMENT '实际支付方式 1:现金 2:支付宝当面付',
  `order_payment_status_actual` tinyint(4) DEFAULT NULL COMMENT '实际支付状态',
  `actual_pay` float DEFAULT NULL COMMENT '配送员实际支付的金额',
  `order_price` float NOT NULL COMMENT '订单价格',
  `order_has_pay` float(7,2) DEFAULT NULL COMMENT '订单已支付',
  `order_delivery_cost` float(7,2) DEFAULT NULL COMMENT '运费金额',
  `receiver_id` tinyint(4) DEFAULT NULL COMMENT '收货人ID',
  `receiver_city_code` varchar(10) DEFAULT NULL COMMENT '收货城市code',
  `logistics_info` varchar(225) DEFAULT NULL COMMENT '给小哥的备注信息',
  `in_price` float NOT NULL COMMENT '配送员需要垫付的金额',
  `goods_count` tinyint(4) DEFAULT NULL COMMENT '商品总件数',
  `goods_weight` float DEFAULT NULL COMMENT '商品重量',
  `receiver_province` varchar(255) DEFAULT NULL COMMENT '收货省份',
  `receiver_city` varchar(255) DEFAULT NULL COMMENT '收货城市',
  `receiver_county` varchar(255) DEFAULT NULL COMMENT '收获区、县',
  `receiver_street` varchar(255) DEFAULT NULL COMMENT '收货街道',
  `receiver_address` varchar(255) DEFAULT NULL COMMENT '收货详细地址',
  `receiver_mobile` varchar(255) DEFAULT NULL COMMENT '收货人手机号',
  `receiver_phone` varchar(255) DEFAULT NULL COMMENT '收货人电话',
  `goods_receiver` varchar(255) DEFAULT NULL COMMENT '运单收货人姓名',
  `user_remark` varchar(255) DEFAULT NULL COMMENT '用户备注',
  `shop_id` int(11) DEFAULT NULL COMMENT '商家id',
  `shop_name` varchar(255) DEFAULT NULL COMMENT '商家名称',
  `shop_mobile` varchar(200) DEFAULT NULL COMMENT '商家电话',
  `shop_type` smallint(3) DEFAULT NULL COMMENT '商家类型 0：签约商家 1：代购商家 2：直购商家 4:转单商家',
  `shop_address` varchar(255) DEFAULT NULL COMMENT '商家地址',
  `delivery_area_code` varchar(20) DEFAULT NULL COMMENT '商家物流区域',
  `delivery_station_code` varchar(20) DEFAULT NULL COMMENT '商家物流点id',
  `shop_lng` double NOT NULL COMMENT '商家经度',
  `shop_lat` double NOT NULL COMMENT '商家纬度',
  `receive_lng` double NOT NULL COMMENT '收货地址经度',
  `receive_lat` double NOT NULL COMMENT '收货地址纬度',
  `distance` double DEFAULT NULL COMMENT '运输距离(单位:米)',
  `order_source` tinyint(3) DEFAULT NULL COMMENT '订单来源 1：自动生成单 2:运单中心派单',
  `balance_member_status` tinyint(3) DEFAULT NULL COMMENT '小哥结算状态 0:未结算  1:已结算',
  `dm_work_number` int(11) DEFAULT NULL COMMENT '接单小哥工号',
  `dm_phone` varchar(50) DEFAULT NULL COMMENT '接单小哥电话',
  `dm_name` varchar(50) DEFAULT NULL COMMENT '接点小哥名称',
  `controlled_time` datetime DEFAULT NULL COMMENT '调度完成时间',
  `getting_time` datetime DEFAULT NULL COMMENT '揽货开始时间',
  `shipping_time` datetime DEFAULT NULL COMMENT '配送开始时间',
  `arrived_time` datetime DEFAULT NULL COMMENT '送达时间',
  `require_pick_up_time` datetime DEFAULT NULL COMMENT '要求取货时间',
  `require_arrived_time` datetime DEFAULT NULL COMMENT '要求送达时间',
  `company_key` tinyint(4) NOT NULL COMMENT '订单所属公司标志(0:零号线)',
  `carry_order` tinyint(4) DEFAULT NULL COMMENT '是否含有随心搭（0：否 1：是）',
  `create_time` datetime NOT NULL COMMENT '创建时间',
  `create_id` int(10) NOT NULL COMMENT '创建人',
  `last_update_time` timestamp NOT NULL DEFAULT CURRENT_TIMESTAMP ON UPDATE CURRENT_TIMESTAMP COMMENT '更新时间',
  `last_update_id` int(10) NOT NULL COMMENT '更新人',
  `is_deleted` tinyint(4) NOT NULL DEFAULT '0' COMMENT '是否物理删除 0 ：否 1：是',
  `data_version` int(11) NOT NULL COMMENT '版本号',
  PRIMARY KEY (`logistics_order_id`),
  UNIQUE KEY `NewIndex1` (`logistics_order_code`),
  KEY `NewIndex2` (`create_time`)
) ENGINE=InnoDB AUTO_INCREMENT=151 DEFAULT CHARSET=utf8 CHECKSUM=1 DELAY_KEY_WRITE=1 ROW_FORMAT=DYNAMIC COMMENT='物流订单表';

/*Data for the table `logistics_order` */

insert  into `logistics_order`(`logistics_order_id`,`logistics_order_code`,`old_order_code`,`send_status`,`send_method`,`logistics_order_status`,`need_pay`,`need_pay_receive`,`order_estimated_picking_time`,`order_estimated_arrived_time`,`order_payment_method`,`order_payment_status`,`order_payment_method_actual`,`order_payment_status_actual`,`actual_pay`,`order_price`,`order_has_pay`,`order_delivery_cost`,`receiver_id`,`receiver_city_code`,`logistics_info`,`in_price`,`goods_count`,`goods_weight`,`receiver_province`,`receiver_city`,`receiver_county`,`receiver_street`,`receiver_address`,`receiver_mobile`,`receiver_phone`,`goods_receiver`,`user_remark`,`shop_id`,`shop_name`,`shop_mobile`,`shop_type`,`shop_address`,`delivery_area_code`,`delivery_station_code`,`shop_lng`,`shop_lat`,`receive_lng`,`receive_lat`,`distance`,`order_source`,`balance_member_status`,`dm_work_number`,`dm_phone`,`dm_name`,`controlled_time`,`getting_time`,`shipping_time`,`arrived_time`,`require_pick_up_time`,`require_arrived_time`,`company_key`,`carry_order`,`create_time`,`create_id`,`last_update_time`,`last_update_id`,`is_deleted`,`data_version`) values (2,'20150608gakki123452','20150608gakki75397',0,2,2,100,1,'2015-06-09 14:35:52','2015-06-08 14:35:14',1,1,1,1,1,109,NULL,NULL,1,'1','加一份饭',89,108,1,'1','1','1','1','六合  爱来不来','15021125112','15021125113','陈奕迅','1',1,'coco(新街口店)','15021125112',0,'宇宙中心  新街口!','1','3',118.790436,32.057486,118.790611,32.047616,3200.87,1,0,3,'18111111111','赵武','2015-06-24 15:51:25','2015-06-08 14:35:52','2015-06-12 14:35:54','2015-06-13 19:01:20','2015-06-08 14:35:58','2015-06-08 14:36:00',1,1,'2015-06-13 18:53:47',1,'2015-06-25 10:01:46',14,0,44),(109,'20150608gakki12345109','20150608gakki75397',1,2,2,100,1,'2015-06-09 14:35:52','2015-06-08 14:35:14',1,1,1,1,1,109,NULL,NULL,1,'1','加一份饭',89,108,1,'1','1','1','1','六合  爱来不来','15021125112','15021125113','陈奕迅','1',1,'coco(新街口店)','15021125112',0,'宇宙中心  新街口!','1','5',118.790436,32.057486,118.790611,32.047616,3200.87,1,0,3,'18111111111','赵武','2015-06-24 15:51:26','2015-06-08 14:35:52','2015-06-12 14:35:54','2015-06-13 19:01:20','2015-06-08 14:35:58','2015-06-08 14:36:00',1,1,'2015-06-13 18:53:47',1,'2015-06-25 10:01:46',14,0,43),(110,'20150608gakki12345110','20150608gakki75397',2,1,3,100,1,'2015-06-09 14:35:52','2015-06-08 14:35:14',1,1,1,1,1,109,NULL,NULL,1,'1','加一份饭',89,108,1,'1','1','1','1','六合  爱来不来','15021125112','15021125113','陈奕迅','1',1,'coco(新街口店)','15021125112',0,'宇宙中心  新街口!','1','1',118.790436,32.057486,118.790611,32.047616,3200.87,1,0,11,'1','陈悦',NULL,'2015-06-08 14:35:52','2015-06-12 14:35:54','2015-06-13 19:01:20','2015-06-08 14:35:58','2015-06-08 14:36:00',1,1,'2015-06-13 18:53:47',1,'2015-06-25 10:01:46',14,0,30),(111,'20150608gakki12345111','20150608gakki75397',2,1,3,100,1,'2015-06-09 14:35:52','2015-06-08 14:35:14',1,1,1,1,1,109,NULL,NULL,1,'1','加一份饭',89,108,1,'1','1','1','1','六合  爱来不来','15021125112','15021125113','陈奕迅','1',1,'coco(新街口店)','15021125112',0,'宇宙中心  新街口!','1','1',118.790436,32.057486,118.790611,32.047616,3200.87,1,0,11,'1','陈悦',NULL,'2015-06-08 14:35:52','2015-06-12 14:35:54','2015-06-13 19:01:20','2015-06-08 14:35:58','2015-06-08 14:36:00',1,1,'2015-06-13 18:53:47',1,'2015-06-25 10:01:46',14,0,30),(112,'20150608gakki12345112','20150608gakki75397',2,1,3,100,1,'2015-06-09 14:35:52','2015-06-08 14:35:14',1,1,1,1,1,109,NULL,NULL,1,'1','加一份饭',89,108,1,'1','1','1','1','六合  爱来不来','15021125112','15021125113','陈奕迅','1',1,'coco(新街口店)','15021125112',0,'宇宙中心  新街口!','1','1',118.790436,32.057486,118.790611,32.047616,3200.87,1,0,11,'1','陈悦',NULL,'2015-06-08 14:35:52','2015-06-12 14:35:54','2015-06-13 19:01:20','2015-06-08 14:35:58','2015-06-08 14:36:00',1,1,'2015-06-13 18:53:47',1,'2015-06-25 10:01:46',14,0,30),(113,'20150608gakki12345113','20150608gakki75397',2,1,3,100,1,'2015-06-09 14:35:52','2015-06-08 14:35:14',1,1,1,1,1,109,NULL,NULL,1,'1','加一份饭',89,108,1,'1','1','1','1','六合  爱来不来','15021125112','15021125113','陈奕迅','1',1,'coco(新街口店)','15021125112',0,'宇宙中心  新街口!','1','1',118.790436,32.057486,118.790611,32.047616,3200.87,1,0,11,'1','陈悦',NULL,'2015-06-08 14:35:52','2015-06-12 14:35:54','2015-06-13 19:01:20','2015-06-08 14:35:58','2015-06-08 14:36:00',1,1,'2015-06-13 18:53:47',1,'2015-06-25 10:01:46',14,0,30),(114,'20150608gakki12345114','20150608gakki75397',2,1,3,100,1,'2015-06-09 14:35:52','2015-06-08 14:35:14',1,1,1,1,1,109,NULL,NULL,1,'1','加一份饭',89,108,1,'1','1','1','1','六合  爱来不来','15021125112','15021125113','陈奕迅','1',1,'coco(新街口店)','15021125112',0,'宇宙中心  新街口!','1','1',118.790436,32.057486,118.790611,32.047616,3200.87,1,0,11,'1','陈悦',NULL,'2015-06-08 14:35:52','2015-06-12 14:35:54','2015-06-13 19:01:20','2015-06-08 14:35:58','2015-06-08 14:36:00',1,1,'2015-06-13 18:53:47',1,'2015-06-25 10:01:46',14,0,30),(115,'20150608gakki12345115','20150608gakki75397',2,1,3,100,1,'2015-06-09 14:35:52','2015-06-08 14:35:14',1,1,1,1,1,109,NULL,NULL,1,'1','加一份饭',89,108,1,'1','1','1','1','六合  爱来不来','15021125112','15021125113','陈奕迅','1',1,'coco(新街口店)','15021125112',0,'宇宙中心  新街口!','1','1',118.790436,32.057486,118.790611,32.047616,3200.87,1,0,11,'1','陈悦',NULL,'2015-06-08 14:35:52','2015-06-12 14:35:54','2015-06-13 19:01:20','2015-06-08 14:35:58','2015-06-08 14:36:00',1,1,'2015-06-13 18:53:47',1,'2015-06-25 10:01:46',14,0,30),(116,'20150608gakki12345116','20150608gakki75397',2,1,3,100,1,'2015-06-09 14:35:52','2015-06-08 14:35:14',1,1,1,1,1,109,NULL,NULL,1,'1','加一份饭',89,108,1,'1','1','1','1','六合  爱来不来','15021125112','15021125113','陈奕迅','1',1,'coco(新街口店)','15021125112',0,'宇宙中心  新街口!','1','1',118.790436,32.057486,118.790611,32.047616,3200.87,1,0,11,'1','陈悦',NULL,'2015-06-08 14:35:52','2015-06-12 14:35:54','2015-06-13 19:01:20','2015-06-08 14:35:58','2015-06-08 14:36:00',1,1,'2015-06-13 18:53:47',1,'2015-06-25 10:01:46',14,0,30),(117,'20150608gakki12345117','20150608gakki75397',2,1,3,100,1,'2015-06-09 14:35:52','2015-06-08 14:35:14',1,1,1,1,1,109,NULL,NULL,1,'1','加一份饭',89,108,1,'1','1','1','1','六合  爱来不来','15021125112','15021125113','陈奕迅','1',1,'coco(新街口店)','15021125112',0,'宇宙中心  新街口!','1','1',118.790436,32.057486,118.790611,32.047616,3200.87,1,0,11,'1','陈悦',NULL,'2015-06-08 14:35:52','2015-06-12 14:35:54','2015-06-13 19:01:20','2015-06-08 14:35:58','2015-06-08 14:36:00',1,1,'2015-06-13 18:53:47',1,'2015-06-25 10:01:46',14,0,30),(118,'20150608gakki12345118','20150608gakki75397',2,1,3,100,1,'2015-06-09 14:35:52','2015-06-08 14:35:14',1,1,1,1,1,109,NULL,NULL,1,'1','加一份饭',89,108,1,'1','1','1','1','六合  爱来不来','15021125112','15021125113','陈奕迅','1',1,'coco(新街口店)','15021125112',0,'宇宙中心  新街口!','1','1',118.790436,32.057486,118.790611,32.047616,3200.87,1,0,11,'1','陈悦',NULL,'2015-06-08 14:35:52','2015-06-12 14:35:54','2015-06-13 19:01:20','2015-06-08 14:35:58','2015-06-08 14:36:00',1,1,'2015-06-13 18:53:47',1,'2015-06-25 10:02:02',14,0,30),(119,'20150608gakki12345119','20150608gakki75397',2,1,3,100,1,'2015-06-09 14:35:52','2015-06-08 14:35:14',1,1,1,1,1,109,NULL,NULL,1,'1','加一份饭',89,108,1,'1','1','1','1','六合  爱来不来','15021125112','15021125113','陈奕迅','1',1,'coco(新街口店)','15021125112',0,'宇宙中心  新街口!','1','1',118.790436,32.057486,118.790611,32.047616,3200.87,1,0,11,'1','陈悦',NULL,'2015-06-08 14:35:52','2015-06-12 14:35:54','2015-06-13 19:01:20','2015-06-08 14:35:58','2015-06-08 14:36:00',1,1,'2015-06-13 18:53:47',1,'2015-06-25 10:02:02',14,0,30),(120,'20150608gakki12345120','20150608gakki75397',2,1,3,100,1,'2015-06-09 14:35:52','2015-06-08 14:35:14',1,1,1,1,1,109,NULL,NULL,1,'1','加一份饭',89,108,1,'1','1','1','1','六合  爱来不来','15021125112','15021125113','陈奕迅','1',1,'coco(新街口店)','15021125112',0,'宇宙中心  新街口!','1','1',118.790436,32.057486,118.790611,32.047616,3200.87,1,0,11,'1','陈悦',NULL,'2015-06-08 14:35:52','2015-06-12 14:35:54','2015-06-13 19:01:20','2015-06-08 14:35:58','2015-06-08 14:36:00',1,1,'2015-06-13 18:53:47',1,'2015-06-25 10:02:02',14,0,30),(121,'20150608gakki12345121','20150608gakki75397',2,1,3,100,1,'2015-06-09 14:35:52','2015-06-08 14:35:14',1,1,1,1,1,109,NULL,NULL,1,'1','加一份饭',89,108,1,'1','1','1','1','六合  爱来不来','15021125112','15021125113','陈奕迅','1',1,'coco(新街口店)','15021125112',0,'宇宙中心  新街口!','1','1',118.790436,32.057486,118.790611,32.047616,3200.87,1,0,11,'1','陈悦',NULL,'2015-06-08 14:35:52','2015-06-12 14:35:54','2015-06-13 19:01:20','2015-06-08 14:35:58','2015-06-08 14:36:00',1,1,'2015-06-13 18:53:47',1,'2015-06-25 10:02:02',14,0,30),(122,'20150608gakki12345122','20150608gakki75397',2,1,3,100,1,'2015-06-09 14:35:52','2015-06-08 14:35:14',1,1,1,1,1,109,NULL,NULL,1,'1','加一份饭',89,108,1,'1','1','1','1','六合  爱来不来','15021125112','15021125113','陈奕迅','1',1,'coco(新街口店)','15021125112',0,'宇宙中心  新街口!','1','1',118.790436,32.057486,118.790611,32.047616,3200.87,1,0,11,'1','陈悦',NULL,'2015-06-08 14:35:52','2015-06-12 14:35:54','2015-06-13 19:01:20','2015-06-08 14:35:58','2015-06-08 14:36:00',1,1,'2015-06-13 18:53:47',1,'2015-06-25 10:02:02',14,0,30),(123,'20150608gakki12345123','20150608gakki75397',2,1,3,100,1,'2015-06-09 14:35:52','2015-06-08 14:35:14',1,1,1,1,1,109,NULL,NULL,1,'1','加一份饭',89,108,1,'1','1','1','1','六合  爱来不来','15021125112','15021125113','陈奕迅','1',1,'coco(新街口店)','15021125112',0,'宇宙中心  新街口!','1','1',118.790436,32.057486,118.790611,32.047616,3200.87,1,0,11,'1','陈悦',NULL,'2015-06-08 14:35:52','2015-06-12 14:35:54','2015-06-13 19:01:20','2015-06-08 14:35:58','2015-06-08 14:36:00',1,1,'2015-06-13 18:53:47',1,'2015-06-25 10:02:02',14,0,30),(124,'20150608gakki12345124','20150608gakki75397',2,1,3,100,1,'2015-06-09 14:35:52','2015-06-08 14:35:14',1,1,1,1,1,109,NULL,NULL,1,'1','加一份饭',89,108,1,'1','1','1','1','六合  爱来不来','15021125112','15021125113','陈奕迅','1',1,'coco(新街口店)','15021125112',0,'宇宙中心  新街口!','1','1',118.790436,32.057486,118.790611,32.047616,3200.87,1,0,11,'1','陈悦',NULL,'2015-06-08 14:35:52','2015-06-12 14:35:54','2015-06-13 19:01:20','2015-06-08 14:35:58','2015-06-08 14:36:00',1,1,'2015-06-13 18:53:47',1,'2015-06-25 10:02:02',14,0,30),(125,'20150608gakki12345125','20150608gakki75397',2,1,3,100,1,'2015-06-09 14:35:52','2015-06-08 14:35:14',1,1,1,1,1,109,NULL,NULL,1,'1','加一份饭',89,108,1,'1','1','1','1','六合  爱来不来','15021125112','15021125113','陈奕迅','1',1,'coco(新街口店)','15021125112',0,'宇宙中心  新街口!','1','1',118.790436,32.057486,118.790611,32.047616,3200.87,1,0,11,'1','陈悦',NULL,'2015-06-08 14:35:52','2015-06-12 14:35:54','2015-06-13 19:01:20','2015-06-08 14:35:58','2015-06-08 14:36:00',1,1,'2015-06-13 18:53:47',1,'2015-06-25 10:02:02',14,0,30),(126,'20150608gakki12345126','20150608gakki75397',2,1,3,100,1,'2015-06-09 14:35:52','2015-06-08 14:35:14',1,1,1,1,1,109,NULL,NULL,1,'1','加一份饭',89,108,1,'1','1','1','1','六合  爱来不来','15021125112','15021125113','陈奕迅','1',1,'coco(新街口店)','15021125112',0,'宇宙中心  新街口!','1','1',118.790436,32.057486,118.790611,32.047616,3200.87,1,0,11,'1','陈悦',NULL,'2015-06-08 14:35:52','2015-06-12 14:35:54','2015-06-13 19:01:20','2015-06-08 14:35:58','2015-06-08 14:36:00',1,1,'2015-06-13 18:53:47',1,'2015-06-25 10:02:02',14,0,30),(127,'20150608gakki12345127','20150608gakki75397',2,1,3,100,1,'2015-06-09 14:35:52','2015-06-08 14:35:14',1,1,1,1,1,109,NULL,NULL,1,'1','加一份饭',89,108,1,'1','1','1','1','六合  爱来不来','15021125112','15021125113','陈奕迅','1',1,'coco(新街口店)','15021125112',0,'宇宙中心  新街口!','1','1',118.790436,32.057486,118.790611,32.047616,3200.87,1,0,11,'1','陈悦',NULL,'2015-06-08 14:35:52','2015-06-12 14:35:54','2015-06-13 19:01:20','2015-06-08 14:35:58','2015-06-08 14:36:00',1,1,'2015-06-13 18:53:47',1,'2015-06-25 10:02:02',14,0,30),(128,'20150608gakki12345128','20150608gakki75397',2,1,3,100,1,'2015-06-09 14:35:52','2015-06-08 14:35:14',1,1,1,1,1,109,NULL,NULL,1,'1','加一份饭',89,108,1,'1','1','1','1','六合  爱来不来','15021125112','15021125113','陈奕迅','1',1,'coco(新街口店)','15021125112',0,'宇宙中心  新街口!','1','1',118.790436,32.057486,118.790611,32.047616,3200.87,1,0,11,'1','陈悦',NULL,'2015-06-08 14:35:52','2015-06-12 14:35:54','2015-06-13 19:01:20','2015-06-08 14:35:58','2015-06-08 14:36:00',1,1,'2015-06-13 18:53:47',1,'2015-06-25 10:02:02',14,0,30),(129,'20150608gakki12345129','20150608gakki75397',2,1,3,100,1,'2015-06-09 14:35:52','2015-06-08 14:35:14',1,1,1,1,1,109,NULL,NULL,1,'1','加一份饭',89,108,1,'1','1','1','1','六合  爱来不来','15021125112','15021125113','陈奕迅','1',1,'coco(新街口店)','15021125112',0,'宇宙中心  新街口!','1','1',118.790436,32.057486,118.790611,32.047616,3200.87,1,0,11,'1','陈悦',NULL,'2015-06-08 14:35:52','2015-06-12 14:35:54','2015-06-13 19:01:20','2015-06-08 14:35:58','2015-06-08 14:36:00',1,1,'2015-06-13 18:53:47',1,'2015-06-25 10:02:02',14,0,30),(130,'20150608gakki12345130','20150608gakki75397',2,1,3,100,1,'2015-06-09 14:35:52','2015-06-08 14:35:14',1,1,1,1,1,109,NULL,NULL,1,'1','加一份饭',89,108,1,'1','1','1','1','六合  爱来不来','15021125112','15021125113','陈奕迅','1',1,'coco(新街口店)','15021125112',0,'宇宙中心  新街口!','1','1',118.790436,32.057486,118.790611,32.047616,3200.87,1,0,11,'1','陈悦',NULL,'2015-06-08 14:35:52','2015-06-12 14:35:54','2015-06-13 19:01:20','2015-06-08 14:35:58','2015-06-08 14:36:00',1,1,'2015-06-13 18:53:47',1,'2015-06-25 10:02:02',14,0,30),(131,'20150608gakki12345131','20150608gakki75397',2,1,3,100,1,'2015-06-09 14:35:52','2015-06-08 14:35:14',1,1,1,1,1,109,NULL,NULL,1,'1','加一份饭',89,108,1,'1','1','1','1','六合  爱来不来','15021125112','15021125113','陈奕迅','1',1,'coco(新街口店)','15021125112',0,'宇宙中心  新街口!','1','1',118.790436,32.057486,118.790611,32.047616,3200.87,1,0,11,'1','陈悦',NULL,'2015-06-08 14:35:52','2015-06-12 14:35:54','2015-06-13 19:01:20','2015-06-08 14:35:58','2015-06-08 14:36:00',1,1,'2015-06-13 18:53:47',1,'2015-06-25 10:02:02',14,0,30),(132,'20150608gakki12345132','20150608gakki75397',2,1,3,100,1,'2015-06-09 14:35:52','2015-06-08 14:35:14',1,1,1,1,1,109,NULL,NULL,1,'1','加一份饭',89,108,1,'1','1','1','1','六合  爱来不来','15021125112','15021125113','陈奕迅','1',1,'coco(新街口店)','15021125112',0,'宇宙中心  新街口!','1','1',118.790436,32.057486,118.790611,32.047616,3200.87,1,0,11,'1','陈悦',NULL,'2015-06-08 14:35:52','2015-06-12 14:35:54','2015-06-13 19:01:20','2015-06-08 14:35:58','2015-06-08 14:36:00',1,1,'2015-06-13 18:53:47',1,'2015-06-25 10:02:02',14,0,30),(133,'20150608gakki12345133','20150608gakki75397',2,1,3,100,1,'2015-06-09 14:35:52','2015-06-08 14:35:14',1,1,1,1,1,109,NULL,NULL,1,'1','加一份饭',89,108,1,'1','1','1','1','六合  爱来不来','15021125112','15021125113','陈奕迅','1',1,'coco(新街口店)','15021125112',0,'宇宙中心  新街口!','1','1',118.790436,32.057486,118.790611,32.047616,3200.87,1,0,11,'1','陈悦',NULL,'2015-06-08 14:35:52','2015-06-12 14:35:54','2015-06-13 19:01:20','2015-06-08 14:35:58','2015-06-08 14:36:00',1,1,'2015-06-13 18:53:47',1,'2015-06-25 10:02:02',14,0,30),(134,'20150608gakki12345134','20150608gakki75397',2,1,3,100,1,'2015-06-09 14:35:52','2015-06-08 14:35:14',1,1,1,1,1,109,NULL,NULL,1,'1','加一份饭',89,108,1,'1','1','1','1','六合  爱来不来','15021125112','15021125113','陈奕迅','1',1,'coco(新街口店)','15021125112',0,'宇宙中心  新街口!','1','1',118.790436,32.057486,118.790611,32.047616,3200.87,1,0,11,'1','陈悦',NULL,'2015-06-08 14:35:52','2015-06-12 14:35:54','2015-06-13 19:01:20','2015-06-08 14:35:58','2015-06-08 14:36:00',1,1,'2015-06-13 18:53:47',1,'2015-06-25 10:02:02',14,0,30),(135,'20150608gakki12345135','20150608gakki75397',2,1,3,100,1,'2015-06-09 14:35:52','2015-06-08 14:35:14',1,1,1,1,1,109,NULL,NULL,1,'1','加一份饭',89,108,1,'1','1','1','1','六合  爱来不来','15021125112','15021125113','陈奕迅','1',1,'coco(新街口店)','15021125112',0,'宇宙中心  新街口!','1','1',118.790436,32.057486,118.790611,32.047616,3200.87,1,0,11,'1','陈悦',NULL,'2015-06-08 14:35:52','2015-06-12 14:35:54','2015-06-13 19:01:20','2015-06-08 14:35:58','2015-06-08 14:36:00',1,1,'2015-06-13 18:53:47',1,'2015-06-25 10:02:02',14,0,30),(136,'20150608gakki12345136','20150608gakki75397',2,1,3,100,1,'2015-06-09 14:35:52','2015-06-08 14:35:14',1,1,1,1,1,109,NULL,NULL,1,'1','加一份饭',89,108,1,'1','1','1','1','六合  爱来不来','15021125112','15021125113','陈奕迅','1',1,'coco(新街口店)','15021125112',0,'宇宙中心  新街口!','1','1',118.790436,32.057486,118.790611,32.047616,3200.87,1,0,11,'1','陈悦',NULL,'2015-06-08 14:35:52','2015-06-12 14:35:54','2015-06-13 19:01:20','2015-06-08 14:35:58','2015-06-08 14:36:00',1,1,'2015-06-13 18:53:47',1,'2015-06-25 10:02:02',14,0,30),(137,'20150608gakki12345137','20150608gakki75397',2,1,3,100,1,'2015-06-09 14:35:52','2015-06-08 14:35:14',1,1,1,1,1,109,NULL,NULL,1,'1','加一份饭',89,108,1,'1','1','1','1','六合  爱来不来','15021125112','15021125113','陈奕迅','1',1,'coco(新街口店)','15021125112',0,'宇宙中心  新街口!','1','1',118.790436,32.057486,118.790611,32.047616,3200.87,1,0,11,'1','陈悦',NULL,'2015-06-08 14:35:52','2015-06-12 14:35:54','2015-06-13 19:01:20','2015-06-08 14:35:58','2015-06-08 14:36:00',1,1,'2015-06-13 18:53:47',1,'2015-06-25 10:02:02',14,0,30),(138,'20150608gakki12345138','20150608gakki75397',2,1,3,100,1,'2015-06-09 14:35:52','2015-06-08 14:35:14',1,1,1,1,1,109,NULL,NULL,1,'1','加一份饭',89,108,1,'1','1','1','1','六合  爱来不来','15021125112','15021125113','陈奕迅','1',1,'coco(新街口店)','15021125112',0,'宇宙中心  新街口!','1','1',118.790436,32.057486,118.790611,32.047616,3200.87,1,0,11,'1','陈悦',NULL,'2015-06-08 14:35:52','2015-06-12 14:35:54','2015-06-13 19:01:20','2015-06-08 14:35:58','2015-06-08 14:36:00',1,1,'2015-06-13 18:53:47',1,'2015-06-25 10:02:02',14,0,30),(139,'20150608gakki12345139','20150608gakki75397',2,1,3,100,1,'2015-06-09 14:35:52','2015-06-08 14:35:14',1,1,1,1,1,109,NULL,NULL,1,'1','加一份饭',89,108,1,'1','1','1','1','六合  爱来不来','15021125112','15021125113','陈奕迅','1',1,'coco(新街口店)','15021125112',0,'宇宙中心  新街口!','1','1',118.790436,32.057486,118.790611,32.047616,3200.87,1,0,11,'1','陈悦',NULL,'2015-06-08 14:35:52','2015-06-12 14:35:54','2015-06-13 19:01:20','2015-06-08 14:35:58','2015-06-08 14:36:00',1,1,'2015-06-13 18:53:47',1,'2015-06-25 10:02:02',14,0,30),(140,'20150608gakki12345140','20150608gakki75397',2,1,3,100,1,'2015-06-09 14:35:52','2015-06-08 14:35:14',1,1,1,1,1,109,NULL,NULL,1,'1','加一份饭',89,108,1,'1','1','1','1','六合  爱来不来','15021125112','15021125113','陈奕迅','1',1,'coco(新街口店)','15021125112',0,'宇宙中心  新街口!','1','1',118.790436,32.057486,118.790611,32.047616,3200.87,1,0,11,'1','陈悦',NULL,'2015-06-08 14:35:52','2015-06-12 14:35:54','2015-06-13 19:01:20','2015-06-08 14:35:58','2015-06-08 14:36:00',1,1,'2015-06-13 18:53:47',1,'2015-06-25 10:02:02',14,0,30),(141,'20150608gakki12345141','20150608gakki75397',2,1,3,100,1,'2015-06-09 14:35:52','2015-06-08 14:35:14',1,1,1,1,1,109,NULL,NULL,1,'1','加一份饭',89,108,1,'1','1','1','1','六合  爱来不来','15021125112','15021125113','陈奕迅','1',1,'coco(新街口店)','15021125112',0,'宇宙中心  新街口!','1','1',118.790436,32.057486,118.790611,32.047616,3200.87,1,0,11,'1','陈悦',NULL,'2015-06-08 14:35:52','2015-06-12 14:35:54','2015-06-13 19:01:20','2015-06-08 14:35:58','2015-06-08 14:36:00',1,1,'2015-06-13 18:53:47',1,'2015-06-25 10:02:02',14,0,30),(142,'20150608gakki12345142','20150608gakki75397',2,1,3,100,1,'2015-06-09 14:35:52','2015-06-08 14:35:14',1,1,1,1,1,109,NULL,NULL,1,'1','加一份饭',89,108,1,'1','1','1','1','六合  爱来不来','15021125112','15021125113','陈奕迅','1',1,'coco(新街口店)','15021125112',0,'宇宙中心  新街口!','1','1',118.790436,32.057486,118.790611,32.047616,3200.87,1,0,11,'1','陈悦',NULL,'2015-06-08 14:35:52','2015-06-12 14:35:54','2015-06-13 19:01:20','2015-06-08 14:35:58','2015-06-08 14:36:00',1,1,'2015-06-13 18:53:47',1,'2015-06-25 10:02:02',14,0,30),(143,'20150608gakki12345143','20150608gakki75397',2,1,3,100,1,'2015-06-09 14:35:52','2015-06-08 14:35:14',1,1,1,1,1,109,10000.00,100.00,1,'1','加一份饭',89,108,1,'1','1','1','1','六合  爱来不来','15021125112','15021125113','陈奕迅','1',1,'coco(新街口店)','15021125112',1,'宇宙中心  新街口!','1','1',118.790436,32.057486,118.790611,32.047616,3200.87,1,0,11,'1','陈悦',NULL,'2015-06-08 14:35:52','2015-06-12 14:35:54','2015-06-13 19:01:20','2015-06-08 14:35:58','2015-06-08 14:36:00',1,1,'2015-06-13 18:53:47',1,'2015-06-25 16:18:11',14,0,30),(150,'20150623mje87428','20150623mje87428',0,2,0,0,NULL,'2015-06-25 16:17:14',NULL,2,1,NULL,NULL,NULL,52,50.00,9.00,NULL,'shanghai',NULL,0,3,0,'上海市','上海市','','','杨浦区江浦路测试单','15502104518',NULL,'测试单','',2822,'台湾士林正豪大大鸡排','018016403639/018964393639',0,'上海市政民路209号(近大学路)',NULL,'126',121.513015,31.308083,121.526137,31.27999,NULL,2,0,NULL,NULL,NULL,NULL,NULL,NULL,NULL,'2015-06-25 16:17:14','2015-06-25 17:52:14',0,0,'2015-06-25 15:53:53',0,'2015-06-25 16:41:04',0,0,0);

/*Table structure for table `logistics_order_balance_line0` */

DROP TABLE IF EXISTS `logistics_order_balance_line0`;

CREATE TABLE `logistics_order_balance_line0` (
  `balance_id` int(11) NOT NULL AUTO_INCREMENT COMMENT '主键',
  `station_id` int(11) NOT NULL,
  `city_id` tinyint(3) NOT NULL,
  `balanced_account` float NOT NULL COMMENT '结算金额',
  `create_time` datetime NOT NULL COMMENT '创建时间',
  `create_id` int(11) NOT NULL DEFAULT '0' COMMENT '创建ID , 也就是操作人',
  `last_update_time` timestamp NOT NULL DEFAULT CURRENT_TIMESTAMP ON UPDATE CURRENT_TIMESTAMP COMMENT '最后更新时间',
  `last_update_id` int(11) NOT NULL DEFAULT '0' COMMENT '最后更新ID',
  `is_deleted` tinyint(3) NOT NULL DEFAULT '0' COMMENT '是否删除0：否 1：是',
  `data_version` int(11) NOT NULL DEFAULT '0' COMMENT '版本号',
  PRIMARY KEY (`balance_id`)
) ENGINE=InnoDB AUTO_INCREMENT=4 DEFAULT CHARSET=utf8 CHECKSUM=1 DELAY_KEY_WRITE=1 ROW_FORMAT=DYNAMIC COMMENT='零号线结算流水';

/*Data for the table `logistics_order_balance_line0` */

insert  into `logistics_order_balance_line0`(`balance_id`,`station_id`,`city_id`,`balanced_account`,`create_time`,`create_id`,`last_update_time`,`last_update_id`,`is_deleted`,`data_version`) values (1,1,2,3600,'2015-06-13 19:01:57',1,'2015-06-17 20:06:02',1,0,0),(2,1,2,7200,'2015-06-17 20:21:22',14,'2015-06-17 20:21:22',14,0,0),(3,1,2,3600,'2015-06-23 09:41:15',14,'2015-06-23 09:41:15',14,0,0);

/*Table structure for table `logistics_order_balance_member` */

DROP TABLE IF EXISTS `logistics_order_balance_member`;

CREATE TABLE `logistics_order_balance_member` (
  `balance_id` int(11) NOT NULL AUTO_INCREMENT COMMENT 'id 主键',
  `dm_work_number` int(11) NOT NULL COMMENT '小哥工号',
  `logistics_order_id` int(11) NOT NULL COMMENT '结算对应的订单id',
  `balanced_account` float NOT NULL COMMENT '此次结算的金额',
  `balanced_station_id` int(11) NOT NULL,
  `station_balance_status` tinyint(3) NOT NULL DEFAULT '0' COMMENT '站点和公司的结算状态  0:未结算  1:已结算',
  `create_time` datetime NOT NULL COMMENT '创建时间',
  `create_id` int(11) NOT NULL COMMENT '创建ID',
  `last_update_time` timestamp NOT NULL DEFAULT CURRENT_TIMESTAMP COMMENT '最后更新时间',
  `last_update_id` int(11) NOT NULL COMMENT '最后更新ID',
  `is_deleted` tinyint(3) NOT NULL COMMENT '是否删除0：否 1：是',
  `data_version` int(11) NOT NULL DEFAULT '0' COMMENT '版本号',
  PRIMARY KEY (`balance_id`)
) ENGINE=InnoDB AUTO_INCREMENT=145 DEFAULT CHARSET=utf8 COMMENT='小哥结算流水表';

/*Data for the table `logistics_order_balance_member` */

insert  into `logistics_order_balance_member`(`balance_id`,`dm_work_number`,`logistics_order_id`,`balanced_account`,`balanced_station_id`,`station_balance_status`,`create_time`,`create_id`,`last_update_time`,`last_update_id`,`is_deleted`,`data_version`) values (1,11,2,100,1,1,'2015-06-13 19:01:37',1,'2015-06-13 19:01:57',1,0,1),(2,11,109,100,1,1,'2015-06-13 19:01:37',1,'2015-06-13 19:01:57',1,0,1),(3,11,110,100,1,1,'2015-06-13 19:01:37',1,'2015-06-13 19:01:57',1,0,1),(4,11,111,100,1,1,'2015-06-13 19:01:37',1,'2015-06-13 19:01:57',1,0,1),(5,11,112,100,1,1,'2015-06-13 19:01:37',1,'2015-06-13 19:01:57',1,0,1),(6,11,113,100,1,1,'2015-06-13 19:01:37',1,'2015-06-13 19:01:57',1,0,1),(7,11,114,100,1,1,'2015-06-13 19:01:37',1,'2015-06-13 19:01:57',1,0,1),(8,11,115,100,1,1,'2015-06-13 19:01:38',1,'2015-06-13 19:01:57',1,0,1),(9,11,116,100,1,1,'2015-06-13 19:01:38',1,'2015-06-13 19:01:57',1,0,1),(10,11,117,100,1,1,'2015-06-13 19:01:38',1,'2015-06-13 19:01:57',1,0,1),(11,11,118,100,1,1,'2015-06-13 19:01:38',1,'2015-06-13 19:01:57',1,0,1),(12,11,119,100,1,1,'2015-06-13 19:01:38',1,'2015-06-13 19:01:57',1,0,1),(13,11,120,100,1,1,'2015-06-13 19:01:38',1,'2015-06-13 19:01:57',1,0,1),(14,11,121,100,1,1,'2015-06-13 19:01:38',1,'2015-06-13 19:01:57',1,0,1),(15,11,122,100,1,1,'2015-06-13 19:01:38',1,'2015-06-13 19:01:57',1,0,1),(16,11,123,100,1,1,'2015-06-13 19:01:38',1,'2015-06-13 19:01:57',1,0,1),(17,11,124,100,1,1,'2015-06-13 19:01:38',1,'2015-06-13 19:01:57',1,0,1),(18,11,125,100,1,1,'2015-06-13 19:01:38',1,'2015-06-13 19:01:57',1,0,1),(19,11,126,100,1,1,'2015-06-13 19:01:38',1,'2015-06-13 19:01:57',1,0,1),(20,11,127,100,1,1,'2015-06-13 19:01:38',1,'2015-06-13 19:01:57',1,0,1),(21,11,128,100,1,1,'2015-06-13 19:01:38',1,'2015-06-13 19:01:57',1,0,1),(22,11,129,100,1,1,'2015-06-13 19:01:38',1,'2015-06-13 19:01:57',1,0,1),(23,11,130,100,1,1,'2015-06-13 19:01:38',1,'2015-06-13 19:01:57',1,0,1),(24,11,131,100,1,1,'2015-06-13 19:01:38',1,'2015-06-13 19:01:57',1,0,1),(25,11,132,100,1,1,'2015-06-13 19:01:38',1,'2015-06-13 19:01:57',1,0,1),(26,11,133,100,1,1,'2015-06-13 19:01:38',1,'2015-06-13 19:01:57',1,0,1),(27,11,134,100,1,1,'2015-06-13 19:01:38',1,'2015-06-13 19:01:57',1,0,1),(28,11,135,100,1,1,'2015-06-13 19:01:38',1,'2015-06-13 19:01:57',1,0,1),(29,11,136,100,1,1,'2015-06-13 19:01:38',1,'2015-06-13 19:01:57',1,0,1),(30,11,137,100,1,1,'2015-06-13 19:01:38',1,'2015-06-13 19:01:57',1,0,1),(31,11,138,100,1,1,'2015-06-13 19:01:38',1,'2015-06-13 19:01:57',1,0,1),(32,11,139,100,1,1,'2015-06-13 19:01:38',1,'2015-06-13 19:01:57',1,0,1),(33,11,140,100,1,1,'2015-06-13 19:01:38',1,'2015-06-13 19:01:57',1,0,1),(34,11,141,100,1,1,'2015-06-13 19:01:38',1,'2015-06-13 19:01:57',1,0,1),(35,11,142,100,1,1,'2015-06-13 19:01:38',1,'2015-06-13 19:01:57',1,0,1),(36,11,143,100,1,1,'2015-06-13 19:01:38',1,'2015-06-13 19:01:57',1,0,1),(37,11,2,100,1,1,'2015-06-17 18:51:15',14,'2015-06-17 20:21:22',14,0,1),(38,11,109,100,1,1,'2015-06-17 18:51:19',14,'2015-06-17 20:21:23',14,0,1),(39,11,110,100,1,1,'2015-06-17 18:51:20',14,'2015-06-17 20:21:23',14,0,1),(40,11,111,100,1,1,'2015-06-17 18:51:21',14,'2015-06-17 20:21:23',14,0,1),(41,11,112,100,1,1,'2015-06-17 18:51:22',14,'2015-06-17 20:21:23',14,0,1),(42,11,113,100,1,1,'2015-06-17 18:51:29',14,'2015-06-17 20:21:23',14,0,1),(43,11,114,100,1,1,'2015-06-17 18:53:17',14,'2015-06-17 20:21:23',14,0,1),(44,11,115,100,1,1,'2015-06-17 18:58:42',14,'2015-06-17 20:21:23',14,0,1),(45,11,116,100,1,1,'2015-06-17 19:00:26',14,'2015-06-17 20:21:23',14,0,1),(46,11,117,100,1,1,'2015-06-17 19:00:30',14,'2015-06-17 20:21:23',14,0,1),(47,11,118,100,1,1,'2015-06-17 19:00:33',14,'2015-06-17 20:21:23',14,0,1),(48,11,119,100,1,1,'2015-06-17 19:00:34',14,'2015-06-17 20:21:23',14,0,1),(49,11,120,100,1,1,'2015-06-17 19:00:35',14,'2015-06-17 20:21:23',14,0,1),(50,11,121,100,1,1,'2015-06-17 19:00:36',14,'2015-06-17 20:21:23',14,0,1),(51,11,122,100,1,1,'2015-06-17 19:00:51',14,'2015-06-17 20:21:23',14,0,1),(52,11,123,100,1,1,'2015-06-17 19:00:51',14,'2015-06-17 20:21:23',14,0,1),(53,11,124,100,1,1,'2015-06-17 19:00:51',14,'2015-06-17 20:21:23',14,0,1),(54,11,125,100,1,1,'2015-06-17 19:00:51',14,'2015-06-17 20:21:23',14,0,1),(55,11,126,100,1,1,'2015-06-17 19:00:51',14,'2015-06-17 20:21:23',14,0,1),(56,11,127,100,1,1,'2015-06-17 19:00:51',14,'2015-06-17 20:21:23',14,0,1),(57,11,128,100,1,1,'2015-06-17 19:00:51',14,'2015-06-17 20:21:23',14,0,1),(58,11,129,100,1,1,'2015-06-17 19:00:51',14,'2015-06-17 20:21:23',14,0,1),(59,11,130,100,1,1,'2015-06-17 19:00:51',14,'2015-06-17 20:21:23',14,0,1),(60,11,131,100,1,1,'2015-06-17 19:00:51',14,'2015-06-17 20:21:23',14,0,1),(61,11,132,100,1,1,'2015-06-17 19:00:51',14,'2015-06-17 20:21:23',14,0,1),(62,11,133,100,1,1,'2015-06-17 19:00:51',14,'2015-06-17 20:21:23',14,0,1),(63,11,134,100,1,1,'2015-06-17 19:00:51',14,'2015-06-17 20:21:23',14,0,1),(64,11,135,100,1,1,'2015-06-17 19:00:52',14,'2015-06-17 20:21:23',14,0,1),(65,11,136,100,1,1,'2015-06-17 19:00:52',14,'2015-06-17 20:21:23',14,0,1),(66,11,137,100,1,1,'2015-06-17 19:00:52',14,'2015-06-17 20:21:23',14,0,1),(67,11,138,100,1,1,'2015-06-17 19:00:52',14,'2015-06-17 20:21:23',14,0,1),(68,11,139,100,1,1,'2015-06-17 19:00:52',14,'2015-06-17 20:21:23',14,0,1),(69,11,140,100,1,1,'2015-06-17 19:00:52',14,'2015-06-17 20:21:23',14,0,1),(70,11,141,100,1,1,'2015-06-17 19:00:52',14,'2015-06-17 20:21:23',14,0,1),(71,11,142,100,1,1,'2015-06-17 19:00:52',14,'2015-06-17 20:21:23',14,0,1),(72,11,143,100,1,1,'2015-06-17 19:00:52',14,'2015-06-17 20:21:23',14,0,1),(73,11,2,100,1,1,'2015-06-17 19:01:25',14,'2015-06-17 20:21:23',14,0,1),(74,11,109,100,1,1,'2015-06-17 19:01:25',14,'2015-06-17 20:21:23',14,0,1),(75,11,110,100,1,1,'2015-06-17 19:01:25',14,'2015-06-17 20:21:23',14,0,1),(76,11,111,100,1,1,'2015-06-17 19:01:25',14,'2015-06-17 20:21:23',14,0,1),(77,11,112,100,1,1,'2015-06-17 19:01:25',14,'2015-06-17 20:21:23',14,0,1),(78,11,113,100,1,1,'2015-06-17 19:01:25',14,'2015-06-17 20:21:23',14,0,1),(79,11,114,100,1,1,'2015-06-17 19:01:25',14,'2015-06-17 20:21:23',14,0,1),(80,11,115,100,1,1,'2015-06-17 19:01:26',14,'2015-06-17 20:21:23',14,0,1),(81,11,116,100,1,1,'2015-06-17 19:01:26',14,'2015-06-17 20:21:23',14,0,1),(82,11,117,100,1,1,'2015-06-17 19:01:26',14,'2015-06-17 20:21:23',14,0,1),(83,11,118,100,1,1,'2015-06-17 19:01:26',14,'2015-06-17 20:21:23',14,0,1),(84,11,119,100,1,1,'2015-06-17 19:01:26',14,'2015-06-17 20:21:23',14,0,1),(85,11,120,100,1,1,'2015-06-17 19:01:26',14,'2015-06-17 20:21:23',14,0,1),(86,11,121,100,1,1,'2015-06-17 19:01:26',14,'2015-06-17 20:21:23',14,0,1),(87,11,122,100,1,1,'2015-06-17 19:01:26',14,'2015-06-17 20:21:23',14,0,1),(88,11,123,100,1,1,'2015-06-17 19:01:26',14,'2015-06-17 20:21:23',14,0,1),(89,11,124,100,1,1,'2015-06-17 19:01:26',14,'2015-06-17 20:21:23',14,0,1),(90,11,125,100,1,1,'2015-06-17 19:01:26',14,'2015-06-17 20:21:23',14,0,1),(91,11,126,100,1,1,'2015-06-17 19:01:26',14,'2015-06-17 20:21:23',14,0,1),(92,11,127,100,1,1,'2015-06-17 19:01:26',14,'2015-06-17 20:21:23',14,0,1),(93,11,128,100,1,1,'2015-06-17 19:01:26',14,'2015-06-17 20:21:23',14,0,1),(94,11,129,100,1,1,'2015-06-17 19:01:26',14,'2015-06-17 20:21:23',14,0,1),(95,11,130,100,1,1,'2015-06-17 19:01:26',14,'2015-06-17 20:21:23',14,0,1),(96,11,131,100,1,1,'2015-06-17 19:01:26',14,'2015-06-17 20:21:23',14,0,1),(97,11,132,100,1,1,'2015-06-17 19:01:26',14,'2015-06-17 20:21:23',14,0,1),(98,11,133,100,1,1,'2015-06-17 19:01:26',14,'2015-06-17 20:21:23',14,0,1),(99,11,134,100,1,1,'2015-06-17 19:01:26',14,'2015-06-17 20:21:24',14,0,1),(100,11,135,100,1,1,'2015-06-17 19:01:26',14,'2015-06-17 20:21:24',14,0,1),(101,11,136,100,1,1,'2015-06-17 19:01:26',14,'2015-06-17 20:21:24',14,0,1),(102,11,137,100,1,1,'2015-06-17 19:01:26',14,'2015-06-17 20:21:24',14,0,1),(103,11,138,100,1,1,'2015-06-17 19:01:26',14,'2015-06-17 20:21:24',14,0,1),(104,11,139,100,1,1,'2015-06-17 19:01:26',14,'2015-06-17 20:21:24',14,0,1),(105,11,140,100,1,1,'2015-06-17 19:01:26',14,'2015-06-17 20:21:24',14,0,1),(106,11,141,100,1,1,'2015-06-17 19:01:26',14,'2015-06-17 20:21:24',14,0,1),(107,11,142,100,1,1,'2015-06-17 19:01:26',14,'2015-06-17 20:21:24',14,0,1),(108,11,143,100,1,1,'2015-06-17 19:01:26',14,'2015-06-17 20:21:24',14,0,1),(109,11,2,100,1,1,'2015-06-23 09:40:51',14,'2015-06-23 09:41:15',14,0,1),(110,11,109,100,1,1,'2015-06-23 09:40:53',14,'2015-06-23 09:41:15',14,0,1),(111,11,110,100,1,1,'2015-06-23 09:40:54',14,'2015-06-23 09:41:15',14,0,1),(112,11,111,100,1,1,'2015-06-23 09:40:55',14,'2015-06-23 09:41:15',14,0,1),(113,11,112,100,1,1,'2015-06-23 09:40:55',14,'2015-06-23 09:41:15',14,0,1),(114,11,113,100,1,1,'2015-06-23 09:40:55',14,'2015-06-23 09:41:15',14,0,1),(115,11,114,100,1,1,'2015-06-23 09:40:55',14,'2015-06-23 09:41:15',14,0,1),(116,11,115,100,1,1,'2015-06-23 09:40:55',14,'2015-06-23 09:41:15',14,0,1),(117,11,116,100,1,1,'2015-06-23 09:40:55',14,'2015-06-23 09:41:15',14,0,1),(118,11,117,100,1,1,'2015-06-23 09:40:55',14,'2015-06-23 09:41:15',14,0,1),(119,11,118,100,1,1,'2015-06-23 09:40:55',14,'2015-06-23 09:41:15',14,0,1),(120,11,119,100,1,1,'2015-06-23 09:40:55',14,'2015-06-23 09:41:15',14,0,1),(121,11,120,100,1,1,'2015-06-23 09:40:55',14,'2015-06-23 09:41:15',14,0,1),(122,11,121,100,1,1,'2015-06-23 09:40:55',14,'2015-06-23 09:41:15',14,0,1),(123,11,122,100,1,1,'2015-06-23 09:40:55',14,'2015-06-23 09:41:15',14,0,1),(124,11,123,100,1,1,'2015-06-23 09:40:55',14,'2015-06-23 09:41:15',14,0,1),(125,11,124,100,1,1,'2015-06-23 09:40:55',14,'2015-06-23 09:41:16',14,0,1),(126,11,125,100,1,1,'2015-06-23 09:40:56',14,'2015-06-23 09:41:16',14,0,1),(127,11,126,100,1,1,'2015-06-23 09:40:56',14,'2015-06-23 09:41:16',14,0,1),(128,11,127,100,1,1,'2015-06-23 09:40:56',14,'2015-06-23 09:41:16',14,0,1),(129,11,128,100,1,1,'2015-06-23 09:40:56',14,'2015-06-23 09:41:16',14,0,1),(130,11,129,100,1,1,'2015-06-23 09:40:56',14,'2015-06-23 09:41:16',14,0,1),(131,11,130,100,1,1,'2015-06-23 09:40:56',14,'2015-06-23 09:41:16',14,0,1),(132,11,131,100,1,1,'2015-06-23 09:40:56',14,'2015-06-23 09:41:16',14,0,1),(133,11,132,100,1,1,'2015-06-23 09:40:56',14,'2015-06-23 09:41:16',14,0,1),(134,11,133,100,1,1,'2015-06-23 09:40:56',14,'2015-06-23 09:41:16',14,0,1),(135,11,134,100,1,1,'2015-06-23 09:40:56',14,'2015-06-23 09:41:16',14,0,1),(136,11,135,100,1,1,'2015-06-23 09:40:56',14,'2015-06-23 09:41:16',14,0,1),(137,11,136,100,1,1,'2015-06-23 09:40:56',14,'2015-06-23 09:41:16',14,0,1),(138,11,137,100,1,1,'2015-06-23 09:40:56',14,'2015-06-23 09:41:16',14,0,1),(139,11,138,100,1,1,'2015-06-23 09:40:56',14,'2015-06-23 09:41:16',14,0,1),(140,11,139,100,1,1,'2015-06-23 09:40:56',14,'2015-06-23 09:41:16',14,0,1),(141,11,140,100,1,1,'2015-06-23 09:40:56',14,'2015-06-23 09:41:16',14,0,1),(142,11,141,100,1,1,'2015-06-23 09:40:56',14,'2015-06-23 09:41:16',14,0,1),(143,11,142,100,1,1,'2015-06-23 09:40:56',14,'2015-06-23 09:41:16',14,0,1),(144,11,143,100,1,1,'2015-06-23 09:40:56',14,'2015-06-23 09:41:16',14,0,1);

/*Table structure for table `logistics_order_goods` */

DROP TABLE IF EXISTS `logistics_order_goods`;

CREATE TABLE `logistics_order_goods` (
  `goods_id` int(11) NOT NULL AUTO_INCREMENT COMMENT '商品Id',
  `shop_id` int(11) DEFAULT NULL COMMENT '所属商家',
  `order_id` int(11) NOT NULL COMMENT '运单id',
  `order_code` varchar(50) NOT NULL COMMENT '运单编号',
  `old_order_code` varchar(50) NOT NULL COMMENT '原订单编号',
  `goods_name` varchar(250) NOT NULL COMMENT '商品名称',
  `goods_price` float NOT NULL COMMENT '商品价格',
  `goods_amount` tinyint(4) NOT NULL COMMENT '商品数量',
  `goods_weight` float DEFAULT NULL COMMENT '商品重量',
  `in_price` float DEFAULT NULL COMMENT '配送员需要垫付金额',
  `carry_goods` tinyint(4) DEFAULT NULL COMMENT '是否随心搭（0：否 1：是）',
  `create_time` datetime DEFAULT NULL COMMENT '创建时间',
  `create_id` int(11) DEFAULT NULL COMMENT '创建人',
  `last_update_time` datetime DEFAULT NULL COMMENT '更新时间',
  `last_update_id` int(11) DEFAULT NULL COMMENT '更新人',
  `is_deleted` tinyint(3) DEFAULT NULL COMMENT '是否物理删除 0 ：否 1：是',
  `data_version` int(11) NOT NULL DEFAULT '0' COMMENT '版本号',
  PRIMARY KEY (`goods_id`),
  KEY `NewIndex1` (`order_code`)
) ENGINE=InnoDB AUTO_INCREMENT=252 DEFAULT CHARSET=utf8 CHECKSUM=1 DELAY_KEY_WRITE=1 ROW_FORMAT=DYNAMIC COMMENT='订单商品明细表';

/*Data for the table `logistics_order_goods` */

insert  into `logistics_order_goods`(`goods_id`,`shop_id`,`order_id`,`order_code`,`old_order_code`,`goods_name`,`goods_price`,`goods_amount`,`goods_weight`,`in_price`,`carry_goods`,`create_time`,`create_id`,`last_update_time`,`last_update_id`,`is_deleted`,`data_version`) values (235,1,143,'1','1','可爱多',10,1,10,5.1,0,'2015-06-25 10:51:20',1,'2015-06-25 10:51:20',1,0,0),(236,1,143,'1','1','可爱多1',10,11,10,5.1,0,'2015-06-25 10:51:22',1,'2015-06-25 10:51:22',1,0,0),(237,1,143,'1','1','可爱多2',10,1,10,5.1,0,'2015-06-25 10:51:22',1,'2015-06-25 10:51:22',1,0,0),(238,1,143,'1','1','可爱多3',10,12,10,5.1,0,'2015-06-25 10:51:22',1,'2015-06-25 10:51:22',1,0,0),(239,1,143,'1','1','可爱多4',10,13,10,5.1,0,'2015-06-25 10:51:22',1,'2015-06-25 10:51:22',1,0,0),(240,1,143,'1','1','可爱多5',10,14,10,5.1,0,'2015-06-25 10:51:22',1,'2015-06-25 10:51:22',1,0,0),(241,1,143,'1','1','可爱多6',10,15,10,5.1,0,'2015-06-25 10:51:23',1,'2015-06-25 10:51:23',1,0,0),(242,1,143,'1','1','可爱多7',10,16,10,5.1,0,'2015-06-25 10:51:23',1,'2015-06-25 10:51:23',1,0,0),(243,1,143,'1','1','可爱多8',10,15,10,5.1,1,'2015-06-25 10:51:23',1,'2015-06-25 10:51:23',1,0,0),(244,1,143,'1','1','可爱多9',10,11,10,5.1,0,'2015-06-25 10:51:23',1,'2015-06-25 10:51:23',1,0,0),(245,1,143,'1','1','可爱多10',10,111,10,5.1,0,'2015-06-25 10:51:23',1,'2015-06-25 10:51:23',1,0,0),(246,1,143,'1','1','可爱多11',10,111,10,5.1,1,'2015-06-25 10:51:24',1,'2015-06-25 10:51:24',1,0,0),(247,1,143,'1','1','可爱多12',10,111,10,5.1,1,'2015-06-25 10:51:24',1,'2015-06-25 10:51:24',1,0,0),(248,NULL,74,'20150623mje87428','20150623mje87428','翅小腿',9,1,0,NULL,0,'2015-06-25 15:16:17',0,'2015-06-25 15:16:17',0,0,0),(249,NULL,74,'20150623mje87428','20150623mje87428','正豪大大鸡排',34,2,0,NULL,0,'2015-06-25 15:16:17',0,'2015-06-25 15:16:17',0,0,0),(250,NULL,75,'20150623mje87428','20150623mje87428','翅小腿',9,1,0,NULL,0,'2015-06-25 15:53:53',0,'2015-06-25 15:53:53',0,0,0),(251,NULL,75,'20150623mje87428','20150623mje87428','正豪大大鸡排',34,2,0,NULL,0,'2015-06-25 15:53:53',0,'2015-06-25 15:53:53',0,0,0);

/*Table structure for table `logistics_order_loss` */

DROP TABLE IF EXISTS `logistics_order_loss`;

CREATE TABLE `logistics_order_loss` (
  `loss_id` int(11) NOT NULL AUTO_INCREMENT COMMENT '主键',
  `order_id` int(11) NOT NULL COMMENT '报损订单id',
  `city_id` smallint(6) NOT NULL,
  `station_id` smallint(6) NOT NULL,
  `need_pay` float NOT NULL,
  `need_pay_receive` float NOT NULL,
  `loss_account` float NOT NULL,
  `dm_work_number` int(11) NOT NULL COMMENT '小哥工号',
  `dm_name` varchar(30) NOT NULL,
  `loss_desc` varchar(300) DEFAULT '' COMMENT '报损原因',
  `create_time` datetime NOT NULL COMMENT '创建时间',
  `create_id` int(11) NOT NULL COMMENT '创建ID',
  `last_update_time` timestamp NOT NULL DEFAULT CURRENT_TIMESTAMP ON UPDATE CURRENT_TIMESTAMP COMMENT '最后更新时间',
  `last_update_id` int(11) NOT NULL COMMENT '最后更新ID',
  `is_deleted` tinyint(3) NOT NULL COMMENT '是否删除0：否 1：是',
  `data_version` int(11) NOT NULL COMMENT '版本号',
  PRIMARY KEY (`loss_id`)
) ENGINE=InnoDB AUTO_INCREMENT=171 DEFAULT CHARSET=utf8 CHECKSUM=1 DELAY_KEY_WRITE=1 ROW_FORMAT=DYNAMIC COMMENT='报损流水表';

/*Data for the table `logistics_order_loss` */

insert  into `logistics_order_loss`(`loss_id`,`order_id`,`city_id`,`station_id`,`need_pay`,`need_pay_receive`,`loss_account`,`dm_work_number`,`dm_name`,`loss_desc`,`create_time`,`create_id`,`last_update_time`,`last_update_id`,`is_deleted`,`data_version`) values (1,2,2,1,100,90,10,11,'陈悦','aa','2015-06-14 03:53:29',0,'2015-06-14 13:16:33',0,0,0),(122,2,2,1,100,90,10,11,'陈悦','aa','2015-06-14 03:54:01',0,'2015-06-14 13:16:33',0,0,0),(123,2,2,1,100,90,10,11,'陈悦','aaa','2015-06-14 03:54:01',0,'2015-06-14 13:16:34',0,0,0),(124,2,2,1,100,90,10,11,'陈悦',NULL,'2015-06-14 03:54:07',0,'2015-06-14 13:14:44',0,0,0),(125,2,2,1,100,90,10,11,'陈悦','aaa','2015-06-14 03:54:07',0,'2015-06-18 11:22:15',0,0,1),(126,2,2,1,100,90,10,11,'陈悦','a','2015-06-14 03:54:07',0,'2015-06-14 13:16:35',0,0,0),(127,2,2,1,100,90,10,11,'陈悦','aa','2015-06-14 03:54:07',0,'2015-06-14 13:16:35',0,0,0),(128,2,2,1,100,90,10,11,'陈悦','aa','2015-06-14 03:54:07',0,'2015-06-14 13:16:36',0,0,0),(129,2,2,1,100,90,10,11,'陈悦','a','2015-06-14 03:54:07',0,'2015-06-14 13:16:36',0,0,0),(130,2,2,1,100,90,10,11,'陈悦','a','2015-06-14 03:54:07',0,'2015-06-14 13:16:36',0,0,0),(131,2,2,1,100,90,10,11,'陈悦','a','2015-06-14 03:54:07',0,'2015-06-14 13:16:37',0,0,0),(132,2,2,1,100,90,10,11,'陈悦','a','2015-06-14 03:54:07',0,'2015-06-14 13:16:37',0,0,0),(133,2,2,1,100,90,10,11,'陈悦','a','2015-06-14 03:54:08',0,'2015-06-14 13:16:37',0,0,0),(134,2,2,1,100,90,10,11,'陈悦','a','2015-06-14 03:54:08',0,'2015-06-14 13:16:38',0,0,0),(135,2,2,1,100,90,10,11,'陈悦',NULL,'2015-06-14 03:54:08',0,'2015-06-14 13:14:44',0,0,0),(136,2,2,1,100,90,10,11,'陈悦','a','2015-06-14 03:54:08',0,'2015-06-18 11:21:39',0,0,1),(137,2,2,1,100,90,10,11,'陈悦','aa','2015-06-14 03:54:08',0,'2015-06-14 13:16:38',0,0,0),(138,2,2,1,100,90,10,11,'陈悦','a','2015-06-14 03:54:08',0,'2015-06-14 13:16:38',0,0,0),(139,2,2,1,100,90,10,11,'陈悦','aa','2015-06-14 03:54:08',0,'2015-06-14 13:16:39',0,0,0),(140,2,2,1,100,90,10,11,'陈悦',NULL,'2015-06-14 03:54:08',0,'2015-06-14 13:14:44',0,0,0),(141,2,2,1,100,90,10,11,'陈悦',NULL,'2015-06-14 03:54:08',0,'2015-06-14 13:14:44',0,0,0),(142,2,2,1,100,90,10,11,'陈悦',NULL,'2015-06-14 03:54:08',0,'2015-06-14 13:14:44',0,0,0),(143,2,2,1,100,90,10,11,'陈悦',NULL,'2015-06-14 03:54:08',0,'2015-06-14 13:14:44',0,0,0),(144,2,2,1,100,90,10,11,'陈悦',NULL,'2015-06-14 03:54:08',0,'2015-06-14 13:14:44',0,0,0),(145,2,2,1,100,90,10,11,'陈悦',NULL,'2015-06-14 03:54:08',0,'2015-06-14 13:14:44',0,0,0),(146,2,2,1,100,90,10,11,'陈悦','汤 萨拉啊啊啊啊啊','2015-06-14 03:54:09',0,'2015-06-14 14:25:30',0,0,1),(147,2,2,1,100,90,10,11,'陈悦','肉好难吃啊啊','2015-06-14 03:54:09',0,'2015-06-18 11:15:46',0,0,1),(148,2,2,1,100,90,10,11,'陈悦','多萨达','2015-06-14 03:54:09',0,'2015-06-18 11:33:16',0,0,1),(149,2,2,1,100,90,10,11,'陈悦',NULL,'2015-06-14 03:54:09',0,'2015-06-14 13:14:44',0,0,0),(150,2,2,1,100,90,10,11,'陈悦',NULL,'2015-06-14 03:54:09',0,'2015-06-14 13:14:44',0,0,0),(151,2,2,1,100,90,10,11,'陈悦',NULL,'2015-06-14 03:54:09',0,'2015-06-14 13:14:44',0,0,0),(152,2,2,1,100,90,10,11,'陈悦',NULL,'2015-06-14 03:54:09',0,'2015-06-14 13:14:44',0,0,0),(153,2,2,1,100,90,10,11,'陈悦',NULL,'2015-06-14 03:54:09',0,'2015-06-14 13:14:44',0,0,0),(154,2,2,1,100,90,10,11,'陈悦',NULL,'2015-06-14 03:54:09',0,'2015-06-14 13:14:44',0,0,0),(155,2,2,1,100,90,10,11,'陈悦',NULL,'2015-06-14 03:54:09',0,'2015-06-14 13:14:44',0,0,0),(156,2,2,1,100,90,10,11,'陈悦',NULL,'2015-06-14 03:54:09',0,'2015-06-14 13:14:44',0,0,0),(157,2,2,1,100,90,10,11,'陈悦','a','2015-06-14 03:54:09',0,'2015-06-14 13:17:28',0,0,0),(158,2,2,1,100,90,10,11,'陈悦',NULL,'2015-06-14 03:54:09',0,'2015-06-14 13:14:44',0,0,0),(159,2,2,1,100,90,10,11,'陈悦',NULL,'2015-06-14 03:54:09',0,'2015-06-14 13:14:44',0,0,0),(160,2,2,1,100,90,10,11,'陈悦',NULL,'2015-06-14 03:54:09',0,'2015-06-14 13:14:44',0,0,0),(161,2,2,1,100,90,10,11,'陈悦','a','2015-06-14 03:54:09',0,'2015-06-14 13:17:28',0,0,0),(162,2,2,1,100,90,10,11,'陈悦','我草','2015-06-14 03:54:10',0,'2015-06-18 11:33:08',0,0,8),(163,2,2,1,100,90,10,11,'陈悦','a','2015-06-14 03:54:10',0,'2015-06-14 14:20:05',0,0,5),(164,2,2,1,100,90,10,11,'陈悦','a','2015-06-14 03:54:10',0,'2015-06-14 13:17:28',0,0,0),(165,2,2,1,100,90,10,11,'陈悦','a','2015-06-14 03:54:10',0,'2015-06-14 13:17:29',0,0,0),(166,2,2,1,100,90,10,11,'陈悦','我才','2015-06-14 03:54:10',0,'2015-06-23 09:42:00',0,0,2),(167,2,2,1,100,90,10,11,'陈悦','汤 萨拉啊啊啊啊啊','2015-06-14 03:54:10',0,'2015-06-14 14:25:25',0,0,2),(168,2,2,1,100,90,10,11,'陈悦','汤 萨拉啊啊啊啊啊','2015-06-14 03:54:10',0,'2015-06-14 14:25:28',0,0,1),(169,2,2,1,100,90,10,11,'陈悦','a','2015-06-14 03:54:10',0,'2015-06-14 13:17:27',0,0,0),(170,2,2,1,100,90,10,11,'陈悦','a','2015-06-14 03:54:10',0,'2015-06-14 13:17:26',0,0,0);

/*Table structure for table `logistics_order_status` */

DROP TABLE IF EXISTS `logistics_order_status`;

CREATE TABLE `logistics_order_status` (
  `logistics_order_status_id` int(11) NOT NULL AUTO_INCREMENT COMMENT 'id',
  `logistics_order_id` int(11) NOT NULL COMMENT '运单编码',
  `logistics_order_status_code` tinyint(3) NOT NULL COMMENT '运单状态 0:初始状态 1：揽货 2：配送 3：送达 4:取消 ',
  `logistics_order_status_time` datetime NOT NULL COMMENT '变更时间',
  `dm_mobile` varchar(20) NOT NULL COMMENT '小哥手机',
  `dm_name` varchar(30) NOT NULL COMMENT '小哥名称',
  `dm_work_number` int(11) NOT NULL COMMENT '小哥工号',
  `dm_lat` double DEFAULT NULL COMMENT '小哥纬度',
  `dm_lng` double DEFAULT NULL COMMENT '小哥经度',
  `create_time` timestamp NOT NULL DEFAULT '0000-00-00 00:00:00' COMMENT '创建时间',
  `create_id` int(11) NOT NULL COMMENT '创建ID',
  `last_update_time` timestamp NOT NULL DEFAULT '0000-00-00 00:00:00' COMMENT '最后更新时间',
  `last_update_id` int(11) NOT NULL COMMENT '最后更新ID',
  `is_deleted` tinyint(3) NOT NULL COMMENT '是否删除0：否 1：是',
  `data_version` smallint(6) NOT NULL DEFAULT '0' COMMENT '版本号',
  PRIMARY KEY (`logistics_order_status_id`),
  KEY `NewIndex1` (`logistics_order_id`)
) ENGINE=InnoDB AUTO_INCREMENT=6 DEFAULT CHARSET=utf8 CHECKSUM=1 DELAY_KEY_WRITE=1 ROW_FORMAT=DYNAMIC COMMENT='订单状态改变流水表';

/*Data for the table `logistics_order_status` */

insert  into `logistics_order_status`(`logistics_order_status_id`,`logistics_order_id`,`logistics_order_status_code`,`logistics_order_status_time`,`dm_mobile`,`dm_name`,`dm_work_number`,`dm_lat`,`dm_lng`,`create_time`,`create_id`,`last_update_time`,`last_update_id`,`is_deleted`,`data_version`) values (1,2,0,'2015-06-14 14:38:07','15021125112','陈奕迅',10,10.11111,10.11111,'2015-06-15 14:38:33',1,'2015-06-15 14:38:48',1,0,0),(2,2,1,'2015-06-14 14:38:08','15021125112','陈奕迅',10,10.11111,10.11111,'2015-06-15 14:38:33',1,'2015-06-15 14:38:48',1,0,0),(3,2,2,'2015-06-14 14:38:09','15021125112','陈奕迅',10,10.11111,10.11111,'2015-06-15 14:38:33',1,'2015-06-15 14:38:48',1,0,0),(4,2,3,'2015-06-14 14:38:10','15021125112','陈奕迅',10,10.11111,10.11111,'2015-06-15 14:38:33',1,'2015-06-15 14:38:48',1,0,0),(5,2,4,'2015-06-14 14:38:11','15021125112','陈奕迅',10,10.11111,10.11111,'2015-06-15 14:38:33',1,'2015-06-15 14:38:48',1,0,0);

/*Table structure for table `member_clock` */

DROP TABLE IF EXISTS `member_clock`;

CREATE TABLE `member_clock` (
  `member_clock_id` int(11) NOT NULL AUTO_INCREMENT COMMENT 'id',
  `member_id` int(11) DEFAULT NULL,
  `member_schedule_id` int(11) DEFAULT NULL,
  `station_id` int(11) DEFAULT NULL,
  `start_time` timestamp NULL DEFAULT NULL COMMENT '上班卡',
  `end_time` timestamp NULL DEFAULT NULL COMMENT '下班卡',
  `clock_type` smallint(3) DEFAULT NULL COMMENT '1：正常班 2：加班',
  `clock_app_type` smallint(3) DEFAULT NULL COMMENT '1：平台 2：手机app 3：系统自动打卡',
  `create_time` timestamp NULL DEFAULT NULL COMMENT '创建时间',
  `create_id` int(11) DEFAULT NULL COMMENT '创建ID',
  `last_update_time` timestamp NULL DEFAULT NULL COMMENT '最后更新时间',
  `last_update_id` int(11) DEFAULT NULL COMMENT '最后更新ID',
  `is_deleted` tinyint(3) DEFAULT NULL COMMENT '是否删除0：否 1：是',
  `data_version` int(11) NOT NULL COMMENT '版本号',
  PRIMARY KEY (`member_clock_id`)
) ENGINE=InnoDB AUTO_INCREMENT=129 DEFAULT CHARSET=utf8 CHECKSUM=1 DELAY_KEY_WRITE=1 ROW_FORMAT=DYNAMIC COMMENT='打卡信息记录';

/*Data for the table `member_clock` */

insert  into `member_clock`(`member_clock_id`,`member_id`,`member_schedule_id`,`station_id`,`start_time`,`end_time`,`clock_type`,`clock_app_type`,`create_time`,`create_id`,`last_update_time`,`last_update_id`,`is_deleted`,`data_version`) values (124,14,59,1,'2015-06-15 16:17:45','2015-06-15 16:19:16',1,1,'2015-06-15 16:17:45',0,'2015-06-15 16:17:45',0,0,0),(125,14,60,1,'2015-06-15 16:19:21','2015-06-15 16:19:22',1,1,'2015-06-15 16:19:21',0,'2015-06-15 16:19:21',0,0,0),(126,14,NULL,1,'2015-06-16 13:37:56','2015-06-16 13:38:48',2,1,'2015-06-16 13:37:56',0,'2015-06-16 13:37:56',0,0,0),(127,14,65,1,'2015-06-16 13:39:31','2015-06-16 13:39:56',1,1,'2015-06-16 13:39:31',0,'2015-06-16 13:39:31',0,0,0),(128,14,NULL,1,'2015-06-16 13:40:02','2015-06-17 13:23:11',2,1,'2015-06-16 13:40:02',0,'2015-06-16 13:40:02',0,0,0);

/*Table structure for table `member_leave_info` */

DROP TABLE IF EXISTS `member_leave_info`;

CREATE TABLE `member_leave_info` (
  `leave_info_id` smallint(6) NOT NULL AUTO_INCREMENT,
  `leave_info_date` date NOT NULL COMMENT '请假日期',
  `leave_info_time` smallint(3) DEFAULT NULL COMMENT '请假时长（小时）',
  `leave_info_mask` varchar(255) DEFAULT NULL COMMENT '请假备注信息',
  `distribution_member_id` smallint(6) NOT NULL,
  `create_time` datetime NOT NULL,
  `create_id` smallint(6) NOT NULL,
  `last_update_time` timestamp NOT NULL DEFAULT '0000-00-00 00:00:00' ON UPDATE CURRENT_TIMESTAMP,
  `last_update_id` smallint(6) NOT NULL,
  `is_deleted` tinyint(4) NOT NULL DEFAULT '0',
  `data_version` int(11) NOT NULL DEFAULT '0' COMMENT '版本号',
  PRIMARY KEY (`leave_info_id`)
) ENGINE=InnoDB AUTO_INCREMENT=5 DEFAULT CHARSET=utf8 CHECKSUM=1 DELAY_KEY_WRITE=1 ROW_FORMAT=DYNAMIC COMMENT='请假流水表';

/*Data for the table `member_leave_info` */

insert  into `member_leave_info`(`leave_info_id`,`leave_info_date`,`leave_info_time`,`leave_info_mask`,`distribution_member_id`,`create_time`,`create_id`,`last_update_time`,`last_update_id`,`is_deleted`,`data_version`) values (3,'2015-03-27',NULL,'17:00-19:00',1,'2015-03-27 15:00:06',0,'2015-03-27 15:00:06',0,0,0),(4,'2015-06-18',4,NULL,14,'2015-06-17 16:30:54',0,'2015-06-17 16:30:54',0,0,0);

/*Table structure for table `member_schedule` */

DROP TABLE IF EXISTS `member_schedule`;

CREATE TABLE `member_schedule` (
  `member_schedule_id` smallint(6) NOT NULL AUTO_INCREMENT,
  `distribution_station_id` smallint(6) NOT NULL,
  `schedule_id` smallint(6) NOT NULL,
  `schedule_name` varchar(20) DEFAULT NULL,
  `distribution_member_id` smallint(6) NOT NULL,
  `schedule_date` date NOT NULL,
  `create_time` datetime NOT NULL,
  `create_id` smallint(6) NOT NULL,
  `last_update_time` timestamp NOT NULL DEFAULT '0000-00-00 00:00:00' ON UPDATE CURRENT_TIMESTAMP,
  `last_update_id` smallint(6) NOT NULL,
  `is_deleted` tinyint(4) NOT NULL DEFAULT '0',
  `data_version` int(11) NOT NULL DEFAULT '0' COMMENT '版本号',
  PRIMARY KEY (`member_schedule_id`),
  KEY `memberIndex` (`distribution_member_id`) USING BTREE
) ENGINE=InnoDB AUTO_INCREMENT=79 DEFAULT CHARSET=utf8 CHECKSUM=1 DELAY_KEY_WRITE=1 ROW_FORMAT=DYNAMIC COMMENT='小哥排班表';

/*Data for the table `member_schedule` */

insert  into `member_schedule`(`member_schedule_id`,`distribution_station_id`,`schedule_id`,`schedule_name`,`distribution_member_id`,`schedule_date`,`create_time`,`create_id`,`last_update_time`,`last_update_id`,`is_deleted`,`data_version`) values (24,1,1,'09:00-10:00',1,'2015-03-25','2015-03-24 17:48:29',0,'2015-06-15 13:38:27',0,0,0),(25,1,1,'09:00-10:00',2,'2015-03-25','2015-03-24 17:48:29',0,'2015-06-15 13:38:27',0,0,0),(26,1,2,'10:00-11:00',2,'2015-03-25','2015-03-24 17:48:41',0,'2015-06-15 13:38:27',0,0,0),(27,1,2,'10:00-11:00',1,'2015-03-26','2015-03-26 10:49:16',0,'2015-06-15 13:38:27',0,0,0),(28,1,3,'10:09-12:00',1,'2015-03-26','2015-03-26 10:49:28',0,'2015-06-15 13:38:27',0,0,0),(29,1,1,'09:00-10:00',1,'2015-03-27','2015-03-27 14:38:22',0,'2015-06-15 13:38:27',0,0,0),(30,1,2,'10:00-11:00',1,'2015-03-27','2015-03-27 14:38:37',0,'2015-06-15 13:38:27',0,0,0),(31,1,1,'09:00-10:00',2,'2015-05-21','2015-05-15 13:23:47',0,'2015-06-15 13:38:27',0,1,0),(32,1,1,'09:00-10:00',4,'2015-05-21','2015-05-15 13:23:47',0,'2015-06-15 13:38:27',0,1,0),(33,1,1,'09:00-10:00',2,'2015-05-22','2015-05-15 13:46:43',0,'2015-06-15 13:38:27',0,0,0),(34,1,1,'09:00-10:00',4,'2015-05-22','2015-05-15 13:46:43',0,'2015-06-15 13:38:27',0,0,0),(35,1,2,'10:00-11:00',4,'2015-05-28','2015-05-27 16:16:43',0,'2015-06-15 13:38:27',0,0,0),(36,1,3,'10:09-12:00',13,'2015-06-07','2015-06-07 13:27:54',0,'2015-06-15 13:38:27',0,0,0),(37,1,3,'10:09-12:00',14,'2015-06-07','2015-06-07 13:27:54',0,'2015-06-15 13:38:27',0,0,0),(38,1,4,'13:09-14:30',14,'2015-06-07','2015-06-07 13:34:36',0,'2015-06-15 13:38:27',0,0,0),(39,1,11,'15:15-16:16',4,'2015-06-07','2015-06-07 13:34:48',0,'2015-06-15 13:38:27',0,1,0),(40,1,11,'15:15-16:16',4,'2015-06-07','2015-06-07 13:35:50',0,'2015-06-15 13:38:27',0,1,0),(41,1,11,'15:15-16:16',13,'2015-06-07','2015-06-07 13:35:50',0,'2015-06-15 13:38:27',0,1,0),(42,1,11,'15:15-16:16',14,'2015-06-07','2015-06-07 13:35:50',0,'2015-06-15 13:38:27',0,1,0),(43,1,3,'10:09-12:00',13,'2015-06-10','2015-06-09 16:16:23',0,'2015-06-09 16:58:24',0,1,0),(44,1,3,'10:09-12:00',14,'2015-06-10','2015-06-09 16:16:23',0,'2015-06-09 16:58:24',0,1,0),(45,1,3,'10:09-12:00',13,'2015-06-10','2015-06-09 16:57:58',0,'2015-06-09 17:19:49',0,1,0),(46,1,4,'13:09-14:30',4,'2015-06-10','2015-06-09 16:58:32',0,'2015-06-15 13:38:27',0,1,0),(47,1,4,'13:09-14:30',13,'2015-06-10','2015-06-09 16:58:32',0,'2015-06-15 13:38:27',0,1,0),(48,1,4,'13:09-14:30',14,'2015-06-10','2015-06-09 16:58:32',0,'2015-06-15 13:38:27',0,1,0),(49,1,4,'13:09-14:30',4,'2015-06-10','2015-06-09 16:58:49',0,'2015-06-15 13:38:27',0,1,0),(50,1,4,'13:09-14:30',13,'2015-06-10','2015-06-09 16:58:49',0,'2015-06-15 13:38:27',0,1,0),(51,1,3,'10:09-12:00',4,'2015-06-10','2015-06-09 17:20:01',0,'2015-06-15 13:38:27',0,0,0),(52,1,3,'10:09-12:00',13,'2015-06-10','2015-06-09 17:20:01',0,'2015-06-15 13:38:27',0,0,0),(53,1,3,'10:09-12:00',14,'2015-06-10','2015-06-09 17:20:01',0,'2015-06-15 13:38:27',0,0,0),(54,1,11,'15:15-16:16',13,'2015-06-10','2015-06-09 17:20:13',0,'2015-06-15 13:38:27',0,1,0),(55,1,11,'15:15-16:16',14,'2015-06-10','2015-06-09 17:20:13',0,'2015-06-15 13:38:27',0,1,0),(56,1,4,'13:09-14:30',4,'2015-06-10','2015-06-09 17:28:46',0,'2015-06-15 13:38:27',0,0,0),(57,1,15,'13:00-13:33',13,'2015-06-10','2015-06-09 17:28:59',0,'2015-06-15 13:38:27',0,0,0),(58,1,15,'13:00-13:33',14,'2015-06-10','2015-06-09 17:28:59',0,'2015-06-15 13:38:27',0,0,0),(59,1,3,'10:09-11:00',14,'2015-06-15','2015-06-10 10:35:48',0,'2015-06-15 14:26:35',0,0,0),(60,1,12,'11:11-12:16',14,'2015-06-15','2015-06-10 10:51:44',0,'2015-06-15 13:42:31',0,0,0),(61,3,12,'11:11-12:16',12,'2015-06-15','2015-06-10 10:51:44',0,'2015-06-15 13:41:36',0,0,0),(62,5,16,'11:11-11:15',16,'2015-06-15','2015-06-10 11:25:40',0,'2015-06-15 13:40:40',0,0,0),(63,1,3,'10:09-12:00',4,'2015-06-16','2015-06-15 14:56:16',0,'2015-06-15 14:56:16',0,0,0),(64,1,3,'10:09-12:00',13,'2015-06-16','2015-06-15 14:56:16',0,'2015-06-15 14:56:16',0,0,0),(65,1,3,'10:09-12:00',14,'2015-06-16','2015-06-15 14:56:16',0,'2015-06-15 14:56:16',0,0,0),(66,1,4,'13:09-14:30',4,'2015-06-16','2015-06-15 14:56:27',0,'2015-06-15 14:56:50',0,1,0),(67,1,4,'13:09-14:30',13,'2015-06-16','2015-06-15 14:56:27',0,'2015-06-15 14:56:50',0,1,0),(68,1,4,'13:09-14:30',14,'2015-06-16','2015-06-15 14:56:27',0,'2015-06-17 16:23:53',0,1,0),(69,1,4,'13:09-14:30',4,'2015-06-16','2015-06-15 14:56:50',0,'2015-06-15 14:56:50',0,0,0),(70,1,4,'13:09-14:30',13,'2015-06-16','2015-06-15 14:56:50',0,'2015-06-15 14:56:50',0,0,0),(71,1,15,'13:00-13:33',14,'2015-06-16','2015-06-15 14:56:59',0,'2015-06-15 14:56:59',0,0,0),(72,1,3,'10:09-12:00',4,'2015-06-18','2015-06-17 16:24:11',0,'2015-06-17 16:24:11',0,0,0),(73,1,3,'10:09-12:00',13,'2015-06-18','2015-06-17 16:24:11',0,'2015-06-17 16:24:11',0,0,0),(74,1,3,'10:09-12:00',14,'2015-06-18','2015-06-17 16:24:11',0,'2015-06-17 16:24:11',0,0,0),(75,1,3,'10:09-12:00',13,'2015-06-20','2015-06-19 15:13:48',0,'2015-06-19 15:13:48',0,0,0),(76,1,3,'10:09-12:00',14,'2015-06-20','2015-06-19 15:13:48',0,'2015-06-19 15:13:48',0,0,0),(77,1,4,'13:09-14:30',13,'2015-06-20','2015-06-19 15:15:02',0,'2015-06-19 15:15:02',0,0,0),(78,1,4,'13:09-14:30',14,'2015-06-20','2015-06-19 15:15:02',0,'2015-06-19 15:15:02',0,0,0);

/*Table structure for table `menu` */

DROP TABLE IF EXISTS `menu`;

CREATE TABLE `menu` (
  `menu_id` int(11) NOT NULL AUTO_INCREMENT COMMENT '主键id',
  `menu_name` varchar(100) DEFAULT NULL COMMENT '菜单名称',
  `menu_url` varchar(100) DEFAULT NULL COMMENT '菜单url',
  `menu_father` int(11) DEFAULT NULL COMMENT '父菜单id',
  `menu_order` tinyint(3) NOT NULL COMMENT '排序号',
  `create_time` timestamp NULL DEFAULT NULL,
  `create_id` int(11) DEFAULT NULL,
  `update_time` timestamp NULL DEFAULT NULL,
  `update_id` int(11) DEFAULT NULL,
  `is_deleted` tinyint(3) DEFAULT NULL,
  `data_version` int(11) NOT NULL COMMENT '版本号',
  PRIMARY KEY (`menu_id`)
) ENGINE=InnoDB AUTO_INCREMENT=26 DEFAULT CHARSET=utf8 CHECKSUM=1 DELAY_KEY_WRITE=1 ROW_FORMAT=DYNAMIC COMMENT='菜单表';

/*Data for the table `menu` */

insert  into `menu`(`menu_id`,`menu_name`,`menu_url`,`menu_father`,`menu_order`,`create_time`,`create_id`,`update_time`,`update_id`,`is_deleted`,`data_version`) values (6,'信息中心',NULL,NULL,2,'2015-06-03 13:46:44',0,'2015-06-03 09:37:10',0,0,0),(7,'工作台',NULL,NULL,1,'2015-06-03 13:46:45',0,'2015-06-03 09:37:10',0,0,0),(8,'数据中心',NULL,NULL,3,'2015-06-03 13:46:50',0,'2015-06-03 09:37:10',0,0,0),(9,'配送员信息','/distribution/initList_member.do',6,1,'2015-06-03 14:21:22',0,'2015-06-03 09:37:10',0,0,0),(10,'物流点信息','/distribution/initList_station.do',6,2,'2015-06-03 14:21:27',0,'2015-06-03 09:37:10',0,0,0),(11,'排班（班次）','/scheduleNew/initList_scheduleNew.do',6,3,'2015-06-03 14:20:06',0,'2015-06-03 09:37:10',0,0,0),(12,'运单查询','/waybill/initList_waybill.do',7,1,'2015-06-03 13:50:18',0,'2015-06-03 09:37:10',0,0,0),(13,'结算（配送员）','/balance/initBalance_memberBalance.do',7,2,'2015-06-03 13:50:19',0,'2015-06-03 09:37:10',0,0,0),(14,'结算（零号线）','/balance/initBalance_line0Balance.do',7,3,'2015-06-03 13:50:20',0,'2015-06-03 09:37:10',0,0,0),(15,'异常处理（报损）','/loss/initList_loss.do',7,4,'2015-06-03 13:50:20',0,'2015-06-03 09:37:10',0,0,0),(16,'考勤','/memberClock/initList_memberClock.do',7,5,'2015-06-03 13:50:21',0,'2015-06-03 09:37:10',0,0,0),(20,'系统管理',NULL,NULL,4,'2015-06-03 13:50:31',0,'2015-06-03 09:37:10',0,0,0),(21,'用户管理','/user/initList_user.do',20,1,'2015-06-25 10:44:00',0,'2015-06-25 10:44:00',0,0,0),(22,'菜单管理','/menu/initList_menu.do',20,2,'2015-06-25 10:44:17',0,'2015-06-25 10:44:17',0,0,0),(23,'角色管理','/role/initList_role.do',20,3,'2015-07-02 15:41:15',1,'2015-07-02 15:41:15',1,0,0),(24,'test','test',20,4,'2015-07-02 15:42:19',1,'2015-07-02 15:42:19',1,1,0),(25,'角色-菜单（测试用）','/roleMenu/initList_roleMenu.do',20,4,'2015-07-07 08:14:47',1,'2015-07-07 08:14:47',1,0,0);

/*Table structure for table `role` */

DROP TABLE IF EXISTS `role`;

CREATE TABLE `role` (
  `role_id` int(11) NOT NULL AUTO_INCREMENT COMMENT '角色id',
  `role_name` varchar(100) DEFAULT NULL COMMENT '角色名',
  `role_description` varchar(100) NOT NULL COMMENT '角色描述',
  `create_id` int(11) NOT NULL DEFAULT '0' COMMENT '创建人',
  `create_time` datetime NOT NULL COMMENT '创建时间',
  `last_update_id` int(11) NOT NULL DEFAULT '0' COMMENT '更新人',
  `last_update_time` timestamp NOT NULL DEFAULT CURRENT_TIMESTAMP ON UPDATE CURRENT_TIMESTAMP COMMENT '更新时间',
  `is_deleted` smallint(6) NOT NULL DEFAULT '0' COMMENT '是否删除',
  PRIMARY KEY (`role_id`)
) ENGINE=InnoDB AUTO_INCREMENT=12 DEFAULT CHARSET=utf8 COMMENT='角色表';

/*Data for the table `role` */

insert  into `role`(`role_id`,`role_name`,`role_description`,`create_id`,`create_time`,`last_update_id`,`last_update_time`,`is_deleted`) values (7,'超级管理员','系统最高权限管理员',0,'2015-07-07 08:15:28',0,'2015-07-07 08:15:28',0),(8,'管理员','日常运营人员',0,'2015-07-07 08:15:56',0,'2015-07-07 08:15:56',0),(9,'测试角色','系统系统测试角色',0,'2015-07-07 08:16:13',0,'2015-07-07 08:16:23',0),(10,'普通用户','所有注册用户',0,'2015-07-07 08:22:13',0,'2015-07-07 08:22:33',0),(11,'临时特权角色','临时越权角色',0,'2015-07-09 08:27:57',0,'2015-07-09 08:27:57',0);

/*Table structure for table `role_menu` */

DROP TABLE IF EXISTS `role_menu`;

CREATE TABLE `role_menu` (
  `id` int(11) NOT NULL AUTO_INCREMENT COMMENT '自增id',
  `role_id` int(11) NOT NULL COMMENT '角色id',
  `menu_id` int(11) NOT NULL COMMENT '菜单id',
  `create_id` int(11) NOT NULL DEFAULT '0' COMMENT '创建人',
  `create_time` datetime NOT NULL COMMENT '创建时间',
  `last_update_id` int(11) NOT NULL DEFAULT '0' COMMENT '更新人',
  `last_update_time` timestamp NOT NULL DEFAULT CURRENT_TIMESTAMP ON UPDATE CURRENT_TIMESTAMP COMMENT '更新时间',
  `is_deleted` smallint(6) NOT NULL DEFAULT '0' COMMENT '是否删除',
  PRIMARY KEY (`id`)
) ENGINE=InnoDB AUTO_INCREMENT=35 DEFAULT CHARSET=utf8 COMMENT='角色菜单表';

/*Data for the table `role_menu` */

insert  into `role_menu`(`id`,`role_id`,`menu_id`,`create_id`,`create_time`,`last_update_id`,`last_update_time`,`is_deleted`) values (7,7,20,0,'2015-07-07 08:17:15',0,'2015-07-07 08:17:15',0),(8,7,21,0,'2015-07-07 08:17:20',0,'2015-07-07 08:17:20',0),(9,7,22,0,'2015-07-07 08:17:25',0,'2015-07-07 08:17:25',0),(10,7,23,0,'2015-07-07 08:17:30',0,'2015-07-07 08:17:30',0),(11,7,25,0,'2015-07-07 08:18:06',0,'2015-07-14 18:01:17',1),(12,7,7,0,'2015-07-13 08:06:41',0,'2015-07-13 08:06:41',0),(13,7,12,0,'2015-07-13 08:06:41',0,'2015-07-13 08:06:41',0),(14,7,13,0,'2015-07-13 08:06:41',0,'2015-07-13 08:06:41',0),(15,7,14,0,'2015-07-13 08:06:41',0,'2015-07-13 08:06:41',0),(16,7,15,0,'2015-07-13 08:06:41',0,'2015-07-13 08:06:41',0),(17,7,16,0,'2015-07-13 08:06:41',0,'2015-07-13 08:06:41',0),(18,7,6,0,'2015-07-13 08:06:41',0,'2015-07-13 08:06:41',0),(19,7,9,0,'2015-07-13 08:06:41',0,'2015-07-13 08:06:41',0),(20,7,10,0,'2015-07-13 08:06:41',0,'2015-07-13 08:06:41',0),(21,7,11,0,'2015-07-13 08:06:41',0,'2015-07-13 08:06:41',0),(22,7,8,0,'2015-07-13 08:06:41',0,'2015-07-13 08:06:41',0),(23,9,7,0,'2015-07-13 08:07:20',0,'2015-07-13 08:07:20',0),(24,9,12,0,'2015-07-13 08:07:20',0,'2015-07-13 08:07:20',0),(25,9,13,0,'2015-07-13 08:07:20',0,'2015-07-13 08:07:20',0),(26,9,14,0,'2015-07-13 08:07:20',0,'2015-07-13 08:07:20',0),(27,9,15,0,'2015-07-13 08:07:20',0,'2015-07-13 08:07:20',0),(28,9,16,0,'2015-07-13 08:07:20',0,'2015-07-13 08:07:20',0),(29,9,20,0,'2015-07-13 08:27:40',0,'2015-07-13 08:27:40',0),(30,9,21,0,'2015-07-13 08:27:40',0,'2015-07-13 08:27:40',0),(31,9,22,0,'2015-07-13 08:27:40',0,'2015-07-13 08:27:40',0),(32,9,23,0,'2015-07-13 08:27:40',0,'2015-07-13 08:27:40',0),(33,9,25,0,'2015-07-13 08:27:40',0,'2015-07-13 08:27:40',0),(34,7,25,0,'2015-07-14 18:39:28',0,'2015-07-14 18:39:28',0);

/*Table structure for table `schedule` */

DROP TABLE IF EXISTS `schedule`;

CREATE TABLE `schedule` (
  `schedule_id` smallint(6) NOT NULL AUTO_INCREMENT,
  `distribution_station_id` smallint(6) NOT NULL,
  `schedule_name` varchar(255) NOT NULL,
  `schedule_start` varchar(255) NOT NULL,
  `schedule_end` varchar(255) NOT NULL,
  `create_time` datetime NOT NULL,
  `create_id` smallint(6) NOT NULL,
  `last_update_time` timestamp NOT NULL DEFAULT '0000-00-00 00:00:00' ON UPDATE CURRENT_TIMESTAMP,
  `last_update_id` smallint(6) NOT NULL,
  `is_deleted` tinyint(4) NOT NULL DEFAULT '0',
  `data_version` int(11) NOT NULL DEFAULT '0' COMMENT '版本号',
  PRIMARY KEY (`schedule_id`)
) ENGINE=InnoDB AUTO_INCREMENT=18 DEFAULT CHARSET=utf8 CHECKSUM=1 DELAY_KEY_WRITE=1 ROW_FORMAT=DYNAMIC COMMENT='排班表';

/*Data for the table `schedule` */

insert  into `schedule`(`schedule_id`,`distribution_station_id`,`schedule_name`,`schedule_start`,`schedule_end`,`create_time`,`create_id`,`last_update_time`,`last_update_id`,`is_deleted`,`data_version`) values (1,1,'09:00-10:00','09:00','10:00','2015-03-20 16:26:20',0,'2015-05-19 16:36:48',0,1,0),(2,1,'10:00-11:00','10:00','11:00','2015-03-23 11:05:00',0,'2015-06-07 13:20:26',0,1,0),(3,1,'10:09-12:00','10:09','12:00','2015-03-23 11:33:20',0,'2015-06-09 16:58:24',0,0,0),(4,1,'13:09-14:30','13:09','14:30','2015-03-23 11:33:30',0,'2015-06-08 10:39:22',0,0,0),(5,1,'14:00-15:00','14:00','15:00','2015-03-23 11:33:45',0,'2015-06-07 13:08:40',0,1,0),(6,1,'15:00-17:00','15:00','17:00','2015-03-25 17:36:02',0,'2015-06-07 13:08:37',0,1,0),(7,1,'11:11-11:11','11:11','11:11','2015-04-28 17:47:10',0,'2015-04-28 17:47:15',0,1,0),(8,1,'11:11-12:12','11:11','12:12','2015-05-15 13:23:08',0,'2015-05-15 13:23:16',0,1,0),(9,1,'11:11-22:22','11:11','22:22','2015-05-19 16:37:49',0,'2015-06-07 13:08:34',0,1,0),(10,1,'11:11-12:11','11:11','12:11','2015-06-07 13:03:22',0,'2015-06-07 13:08:30',0,1,0),(11,1,'15:15-16:16','15:15','16:16','2015-06-07 13:20:22',0,'2015-06-09 17:27:50',0,1,0),(12,3,'11:11-12:16','11:11','12:16','2015-06-08 14:41:37',0,'2015-06-09 11:00:32',0,0,0),(13,2,'22:22-23:23','22:22','23:23','2015-06-08 16:00:39',0,'2015-06-08 16:00:39',0,0,0),(14,2,'12:12-14:14','12:12','14:14','2015-06-08 16:59:52',0,'2015-06-08 16:59:52',0,0,0),(15,1,'13:00-13:33','13:00','13:33','2015-06-09 17:28:18',0,'2015-06-10 09:55:20',0,0,0),(16,5,'11:11-11:15','11:11','11:15','2015-06-10 11:25:34',0,'2015-06-10 11:25:34',0,0,0),(17,3,'15:16-15:30','15:16','15:30','2015-07-01 14:16:08',0,'2015-07-01 14:16:08',0,0,0);

/*Table structure for table `shift_schedule` */

DROP TABLE IF EXISTS `shift_schedule`;

CREATE TABLE `shift_schedule` (
  `shift_schedule_id` smallint(6) NOT NULL AUTO_INCREMENT,
  `distribution_station_name` varchar(255) NOT NULL,
  `schedule_id` smallint(6) NOT NULL,
  `schedule_name` varchar(255) NOT NULL,
  `distribution_member_names` varchar(255) NOT NULL,
  `schedule_date` date NOT NULL,
  `distribution_station_id` smallint(6) NOT NULL,
  `create_id` smallint(6) NOT NULL,
  `create_time` datetime NOT NULL,
  `last_update_id` smallint(6) NOT NULL,
  `last_update_time` timestamp NOT NULL DEFAULT '0000-00-00 00:00:00' ON UPDATE CURRENT_TIMESTAMP,
  `is_deleted` tinyint(4) NOT NULL DEFAULT '0',
  `data_version` int(11) NOT NULL DEFAULT '0' COMMENT '版本号',
  PRIMARY KEY (`shift_schedule_id`)
) ENGINE=InnoDB AUTO_INCREMENT=40 DEFAULT CHARSET=utf8 CHECKSUM=1 DELAY_KEY_WRITE=1 ROW_FORMAT=DYNAMIC COMMENT='物流站点排班表';

/*Data for the table `shift_schedule` */

insert  into `shift_schedule`(`shift_schedule_id`,`distribution_station_name`,`schedule_id`,`schedule_name`,`distribution_member_names`,`schedule_date`,`distribution_station_id`,`create_id`,`create_time`,`last_update_id`,`last_update_time`,`is_deleted`,`data_version`) values (7,'汉中门',1,'09:00-10:00','张三																						;李四																						;','2015-03-25',1,0,'2015-03-24 17:48:29',0,'2015-03-24 17:48:29',0,0),(8,'汉中门',2,'10:00-11:00','李四																						;','2015-03-25',1,0,'2015-03-24 17:48:41',0,'2015-03-24 17:48:41',0,0),(9,'汉中门',2,'10:00-11:00','张三																						;','2015-03-26',1,0,'2015-03-26 10:49:16',0,'2015-03-26 10:49:16',0,0),(10,'汉中门',3,'11:00-12:00','张三																						;','2015-03-26',1,0,'2015-03-26 10:49:28',0,'2015-03-26 10:49:28',0,0),(11,'汉中门',1,'09:00-10:00','张三																						;','2015-03-27',1,0,'2015-03-27 14:38:22',0,'2015-03-27 14:38:22',0,0),(12,'汉中门',2,'10:00-11:00','张三																						;','2015-03-27',1,0,'2015-03-27 14:38:37',0,'2015-03-27 14:38:37',0,0),(13,'汉中门',1,'09:00-10:00','李四																						;陈悦																						;','2015-05-21',1,0,'2015-05-15 13:23:47',0,'2015-05-15 13:26:28',1,0),(14,'汉中门',1,'09:00-10:00','李四																						;陈悦																						;','2015-05-22',1,0,'2015-05-15 13:46:43',0,'2015-05-15 13:46:43',0,0),(15,'汉中门',2,'10:00-11:00','陈悦																						;','2015-05-28',1,0,'2015-05-27 16:16:43',0,'2015-05-27 16:16:43',0,0),(16,'汉中门',3,'11:00-12:00','小伞																						;小张																						;','2015-06-07',1,0,'2015-06-07 13:27:54',0,'2015-06-07 13:27:54',0,0),(17,'汉中门',4,'13:00-14:30','小张																						;','2015-06-07',1,0,'2015-06-07 13:34:36',0,'2015-06-07 13:34:36',0,0),(18,'汉中门',11,'15:15-16:16','陈悦																						;','2015-06-07',1,0,'2015-06-07 13:34:48',0,'2015-06-07 13:34:48',0,0),(19,'汉中门',11,'15:15-16:16','陈悦																						;小伞																						;小张											,											;','2015-06-07',1,0,'2015-06-07 13:35:50',0,'2015-06-07 13:56:46',1,0),(20,'汉中门',3,'10:09-12:00','小伞,小张','2015-06-10',1,0,'2015-06-09 16:16:23',0,'2015-06-09 16:58:24',1,0),(21,'汉中门',3,'10:09-12:00','小伞','2015-06-10',1,0,'2015-06-09 16:57:58',0,'2015-06-09 17:19:49',1,0),(22,'汉中门',4,'13:09-14:30','陈悦,小伞,小张','2015-06-10',1,0,'2015-06-09 16:58:32',0,'2015-06-09 16:58:49',1,0),(23,'汉中门',4,'13:09-14:30','陈悦,小伞','2015-06-10',1,0,'2015-06-09 16:58:49',0,'2015-06-09 17:28:46',1,0),(24,'汉中门',3,'10:09-12:00','','2015-06-10',1,0,'2015-06-09 17:19:49',0,'2015-06-09 17:20:01',1,0),(25,'汉中门',3,'10:09-12:00','陈悦,小伞,小张','2015-06-10',1,0,'2015-06-09 17:20:01',0,'2015-06-09 17:20:01',0,0),(26,'汉中门',11,'15:15-16:16','小伞,小张','2015-06-10',1,0,'2015-06-09 17:20:13',0,'2015-06-09 17:27:50',1,0),(27,'汉中门',4,'13:09-14:30','陈悦','2015-06-10',1,0,'2015-06-09 17:28:46',0,'2015-06-09 17:28:46',0,0),(28,'汉中门',15,'13:00-13:30','小伞,小张','2015-06-10',1,0,'2015-06-09 17:28:59',0,'2015-06-09 17:28:59',0,0),(29,'汉中门',3,'10:09-12:00','小张','2015-06-11',1,0,'2015-06-10 10:35:48',0,'2015-06-10 10:40:28',1,0),(30,'汉中门',3,'10:09-12:00','','2015-06-11',1,0,'2015-06-10 10:40:28',0,'2015-06-10 10:40:28',0,0),(31,'上海一号',12,'11:11-12:16','哈哈哈,小想','2015-06-11',3,0,'2015-06-10 10:51:44',0,'2015-06-10 10:51:44',0,0),(32,'江浦路地铁站',16,'11:11-11:15','俊俊','2015-06-11',5,0,'2015-06-10 11:25:40',0,'2015-06-10 11:25:40',0,0),(33,'江宁',3,'10:09-12:00','陈悦,小伞,小张','2015-06-16',1,0,'2015-06-15 14:56:16',0,'2015-06-15 14:56:16',0,0),(34,'江宁',4,'13:09-14:30','陈悦,小伞,小张','2015-06-16',1,0,'2015-06-15 14:56:27',0,'2015-06-15 14:56:50',1,0),(35,'江宁',4,'13:09-14:30','陈悦,小伞','2015-06-16',1,0,'2015-06-15 14:56:50',0,'2015-06-15 14:56:50',0,0),(36,'江宁',15,'13:00-13:33','小张','2015-06-16',1,0,'2015-06-15 14:56:59',0,'2015-06-15 14:56:59',0,0),(37,'江宁',3,'10:09-12:00','陈悦,小伞,小张','2015-06-18',1,0,'2015-06-17 16:24:11',0,'2015-06-17 16:24:11',0,0),(38,'江宁',3,'10:09-12:00','小伞,小张','2015-06-20',1,0,'2015-06-19 15:13:48',0,'2015-06-19 15:13:48',0,0),(39,'江宁',4,'13:09-14:30','小伞,小张','2015-06-20',1,0,'2015-06-19 15:15:02',0,'2015-06-19 15:15:02',0,0);

/*Table structure for table `user` */

DROP TABLE IF EXISTS `user`;

CREATE TABLE `user` (
  `user_id` int(11) NOT NULL AUTO_INCREMENT COMMENT '主键',
  `name` varchar(100) DEFAULT NULL COMMENT '实际姓名',
  `user_name` varchar(100) NOT NULL COMMENT '用户名',
  `mobile` varchar(16) NOT NULL COMMENT '用户手机号',
  `role_id` int(11) NOT NULL COMMENT '角色id',
  `user_password` varchar(100) DEFAULT NULL COMMENT '密码',
  `city_id` tinyint(3) DEFAULT NULL COMMENT '用户所在城市',
  `station_id` int(11) DEFAULT NULL COMMENT '用户所在站点',
  `create_id` int(11) NOT NULL DEFAULT '0' COMMENT '创建人',
  `create_time` datetime NOT NULL COMMENT '创建时间',
  `last_update_id` int(11) NOT NULL DEFAULT '0' COMMENT '更新人',
  `last_update_time` timestamp NOT NULL DEFAULT CURRENT_TIMESTAMP ON UPDATE CURRENT_TIMESTAMP COMMENT '更新时间',
  `is_deleted` smallint(6) NOT NULL DEFAULT '0' COMMENT '是否删除',
  PRIMARY KEY (`user_id`)
) ENGINE=InnoDB AUTO_INCREMENT=8 DEFAULT CHARSET=utf8 COMMENT='物流用户表(不包含小哥)';

/*Data for the table `user` */

insert  into `user`(`user_id`,`name`,`user_name`,`mobile`,`role_id`,`user_password`,`city_id`,`station_id`,`create_id`,`create_time`,`last_update_id`,`last_update_time`,`is_deleted`) values (1,'管理员','xiaojun','15021125112',7,'*6BB4837EB74329105EE4568DDA7DC67ED2CA2AD9',1,1,1,'2015-06-12 15:23:09',1,'2015-07-07 08:18:37',0),(3,'超级管理员','admin','13167055986',7,'*6BB4837EB74329105EE4568DDA7DC67ED2CA2AD9',1,3,0,'2015-06-29 14:43:49',0,'2015-07-07 08:18:51',0),(4,'测试用户01','test','13167055986',9,'*6BB4837EB74329105EE4568DDA7DC67ED2CA2AD9',1,3,0,'2015-06-30 10:33:16',0,'2015-07-07 08:20:47',0),(5,'test1','test11','13167055985',0,'*6BB4837EB74329105EE4568DDA7DC67ED2CA2AD9',1,3,0,'2015-06-30 13:19:14',0,'2015-06-30 13:25:51',1),(6,'test11','test11','12132422423',10,'*6BB4837EB74329105EE4568DDA7DC67ED2CA2AD9',1,3,0,'2015-07-02 12:44:30',0,'2015-07-07 08:30:37',0),(7,'eerwwqrew','teeertwe','16156866594',9,'*6BB4837EB74329105EE4568DDA7DC67ED2CA2AD9',1,3,0,'2015-07-09 08:26:59',0,'2015-07-09 08:26:59',0);

/*!40101 SET SQL_MODE=@OLD_SQL_MODE */;
/*!40014 SET FOREIGN_KEY_CHECKS=@OLD_FOREIGN_KEY_CHECKS */;
/*!40014 SET UNIQUE_CHECKS=@OLD_UNIQUE_CHECKS */;
/*!40111 SET SQL_NOTES=@OLD_SQL_NOTES */;
